Workbook

Sheet Overall Bean Summary
A1: Flavor | B1: Good/Bad | C1: Seasons | D1: Bean | E1: Total | F1: % | I1: Good | K1: Bad | M1: Spicy | N1: Total | O1: /day | P1: /weekday | Q1: /week | R1: First Bean | S1: Last Bean
A2: Juicy Pear | B2: Good | C2: 1st-Curr | D2: =D3 | E2: =COUNTIFS(Beans!B:B, A2) -> 18 | F2: =IF(E2+E3 = 0, "n/a", E2/(E2+E3)) -> 0.140625 | H2: 2022 | I2: ='2022 Bean Description'!B35 -> 20 | J2: =I2/(I2+K2) -> 0.3125 | K2: ='2022 Bean Description'!B36 -> 44 | L2: =K2/(I2+K2) -> 0.6875 | M2: ='2022 Bean Description'!B37 -> 5 | N2: =I2+K2+M2 -> 69 | O2: =N2/(S2-R2+1) -> 0.92 | P2: =N2/(((S2-R2+1)/7)*5) -> 1.288 | Q2: =N2/(((S2-R2+1)/7)) -> 6.44 | R2: =Beans!A2 -> 44852 | S2: 44926
A3: Booger | B3: Bad | C3: 1st-Curr | E3: =COUNTIFS(Beans!B:B, A3) -> 110 | F3: =IF(E2+E3 = 0, "n/a", E3/(E2+E3)) -> 0.859375 | H3: 2023 | I3: ='2023 Bean Description'!B35 -> 148 | J3: ='2023 Summary'!B77 -> 0.27205882 | K3: ='2023 Bean Description'!B36 -> 396 | L3: ='2023 Summary'!C77 -> 0.72794118 | M3: ='2023 Bean Description'!B37 -> 25 | N3: =I3+K3+M3 -> 569 | O3: =N3/(S3-R3+1) -> 1.5589041 | P3: =N3/(((S3-R3+1)/7)*5) -> 2.1824658 | Q3: =N3/(((S3-R3+1)/7)) -> 10.912329 | R3: 44927 | S3: 45291
A4: Strawberry Smoothie | B4: Good | C4: 4th-Curr | D4: =D5 | E4: =COUNTIFS(Beans!B:B, A4) -> 41 | F4: =IF(E4+E5 = 0, "n/a", E4/(E4+E5)) -> 0.31782946 | H4: 2024 | I4: ='2024 Bean Description'!B39 -> 83 | J4: ='2024 Summary'!B77 -> 0.22739726 | K4: ='2024 Bean Description'!B40 -> 282 | L4: ='2024 Summary'!C77 -> 0.77260274 | M4: ='2024 Bean Description'!B41 -> 0 | N4: =I4+K4+M4 -> 365 | O4: =N4/(S4-R4+1) -> 0.99726776 | P4: =N4/(((S4-R4+1)/7)*5) -> 1.3961749 | Q4: =N4/(((S4-R4+1)/7)) -> 6.9808743 | R4: 45292 | S4: 45657
A5: Dead Fish (Rotten) | B5: Bad | C5: 4th-Curr | E5: =COUNTIFS(Beans!B:B, A5) -> 88 | F5: =IF(E4+E5 = 0, "n/a", E5/(E4+E5)) -> 0.68217054 | H5: 2025 | I5: ='2025 Summary'!B76 -> 39 | J5: ='2025 Summary'!B77 -> 0.30952381 | K5: ='2025 Summary'!C76 -> 87 | L5: ='2025 Summary'!C77 -> 0.69047619 | M5: ='2025 Summary'!D76 -> 0 | N5: =I5+K5+M5 -> 126 | O5: =N5/(S5-R5+1) -> 0.34520548 | P5: =N5/(((S5-R5+1)/7)*5) -> 0.48328767 | Q5: =N5/(((S5-R5+1)/7)) -> 2.4164384 | R5: 45658 | S5: 46022
A6: Berry Blue | B6: Good | C6: 1st-Curr | E6: =COUNTIFS(Beans!B:B, A6) -> 8 | F6: =IF(E6+E7 = 0, "n/a", E6/(E6+E7)) -> 0.22857143 | H6: 2026 | I6: ='2026 Summary'!B76 -> 25 | J6: ='2026 Summary'!B77 -> 0.29761905 | K6: ='2026 Summary'!C76 -> 59 | L6: ='2026 Summary'!C77 -> 0.70238095 | M6: ='2026 Summary'!D76 -> 0 | N6: =I6+K6+M6 -> 84 | O6: =N6/(S6-R6+1) -> 0.31460674 | P6: =N6/(((S6-R6+1)/7)*5) -> 0.44044944 | Q6: =N6/(((S6-R6+1)/7)) -> 2.2022472 | R6: 46023 | S6: =TODAY() -> 46289
A7: Toothpaste | B7: Bad | C7: 1st-Curr | D7: =D6 | E7: =COUNTIFS(Beans!B:B, A7) -> 27 | F7: =IF(E6+E7 = 0, "n/a", E7/(E6+E7)) -> 0.77142857 | H7: Total | I7: =I2+I3+I4+I5+I6 -> 315 | J7: =I7/(I7+K7) -> 0.26627219 | K7: =K2+K3+K4+K5+K6 -> 868 | L7: =K7/(I7+K7) -> 0.73372781 | M7: =M2+M3+M4+M5+M6 -> 30 | N7: =I7+K7+M7 -> 1213 | O7: =N7/(S7-R7+1) -> 0.84353268 | P7: =N7/(((S7-R7+1)/7)*5) -> 1.1809458 | Q7: =N7/(((S7-R7+1)/7)) -> 5.9047288 | R7: =R2 -> 44852 | S7: =S6 -> 46289
A8: Birthday Cake | B8: Good | C8: 5th-6th | D8: =D9 | E8: =COUNTIFS(Beans!B:B, A8) -> 17 | F8: =IF(E8+E9 = 0, "n/a", E8/(E8+E9)) -> 0.15454545
A9: Dirty Dishwater | B9: Bad | C9: 5th-6th | E9: =COUNTIFS(Beans!B:B, A9) -> 93 | F9: =IF(E8+E9 = 0, "n/a", E9/(E8+E9)) -> 0.84545455 | H9: =CONCATENATE("2022 Beans", " Good: ", I2, " (", ROUND(J2*100,0), "%)", " Bad: ", K2, " (", ROUND(L2*100,0), "%)", " Spicy: ", M2) -> 2022 Beans Good: 20 (31%) Bad: 44 (69%) Spicy: 5 | N9: =CONCATENATE("Kay Good: ", '2022 Summary'!A18, " Bad: ",'2022 Summary'!B18, " Spicy: 1") -> Kay Good: 0 Bad: 1 Spicy: 1
A10: Peach | B10: Good | C10: 1st-Curr | D10: =D11 | E10: =COUNTIFS(Beans!B:B, A10) -> 32 | F10: =IF(E10+E11 = 0, "n/a", E10/(E10+E11)) -> 0.23021583 | H10: =CONCATENATE("2023 Beans", " Good: ", I3, " (", ROUND(J3*100,0), "%)", " Bad: ", K3, " (", ROUND(L3*100,0), "%)", " Spicy: ", M3) -> 2023 Beans Good: 148 (27%) Bad: 396 (73%) Spicy: 25 | N10: ='2023 Summary'!M65 -> Kay Good: 0 Bad: 1 Spicy: 1 | Q10: ='2023 Summary'!M68 -> Milton Good:0 Bad 3: Spicy: 0
A11: Barf | B11: Bad | C11: 1st-Curr | E11: =COUNTIFS(Beans!B:B, A11) -> 107 | F11: =IF(E10+E11 = 0, "n/a", E11/(E10+E11)) -> 0.76978417 | H11: =CONCATENATE("2024 Beans", " Good: ", I4, " (", ROUND(J4*100,0), "%)", " Bad: ", K4, " (", ROUND(L4*100,0), "%)", " Spicy: ", M4) -> 2024 Beans Good: 83 (23%) Bad: 282 (77%) Spicy: 0 | N11: ='2024 Summary'!L76 -> Kay Good: 1 Bad: 1 Spicy: 0
A12: Tutti Fruitti | B12: Good | C12: 3rd-Curr | D12: =D13 | E12: =COUNTIFS(Beans!B:B, A12) -> 34 | F12: =IF(E12+E13 = 0, "n/a", E12/(E12+E13)) -> 0.25757576 | H12: =CONCATENATE("2025 Beans", " Good: ", I5, " (", ROUND(J5*100,0), "%)", " Bad: ", K5, " (", ROUND(L5*100,0), "%)", " Spicy: ", M5) -> 2025 Beans Good: 39 (31%) Bad: 87 (69%) Spicy: 0 | N12: ='2025 Summary'!L76 -> Kay Good: 0 Bad: 0 Spicy: 0
A13: Stinky Socks | B13: Bad | C13: 3rd-Curr | E13: =COUNTIFS(Beans!B:B, A13) -> 98 | F13: =IF(E12+E13 = 0, "n/a", E13/(E12+E13)) -> 0.74242424 | H13: =CONCATENATE("2026 Beans", " Good: ", I6, " (", ROUND(J6*100,0), "%)", " Bad: ", K6, " (", ROUND(L6*100,0), "%)", " Spicy: ", M6) -> 2026 Beans Good: 25 (30%) Bad: 59 (70%) Spicy: 0 | N13: ='2026 Summary'!L76 -> Kay Good: 0 Bad: 0 Spicy: 0
A14: Pomegranate | B14: Good | C14: 6th-Curr | D14: =D15 | E14: =COUNTIFS(Beans!B:B, A14) -> 50 | F14: =IF(E14+E15 = 0, "n/a", E14/(E14+E15)) -> 0.37313433
A15: Old Bandage | B15: Bad | C15: 6th-Curr | E15: =COUNTIFS(Beans!B:B, A15) -> 84 | F15: =IF(E14+E15 = 0, "n/a", E15/(E14+E15)) -> 0.62686567 | H15: =CONCATENATE("Overall Beans: ", I7+K7+M7," Good: ", I7, " (", ROUND(J7*100,0), "%)", " Bad: ", K7, " (", ROUND(L7*100,0), "%)", " Spicy: ", M7) -> Overall Beans: 1213 Good: 315 (27%) Bad: 868 (73%) Spicy: 30 | O15: Kay Good: 1 Bad: 3 Spicy 2 | R15: Milton Good 0: Bad 3: Spicy 0
A16: Toasted Marshmallow | B16: Good | C16: 5th-Curr | D16: =D17 | E16: =COUNTIFS(Beans!B:B, A16) -> 31 | F16: =IF(E16+E17 = 0, "n/a", E16/(E16+E17)) -> 0.28971963
A17: Stink Bug | B17: Bad | C17: 5th-Curr | E17: =COUNTIFS(Beans!B:B, A17) -> 76 | F17: =IF(E16+E17 = 0, "n/a", E17/(E16+E17)) -> 0.71028037 | H17: =CONCATENATE("Most good beans in a row: ", MAX(Beans!D:D)) -> Most good beans in a row: 5 | L17: =CONCATENATE("Average good beans in a row: ", ROUND(SUM(Beans!D:D)/K3,0)) -> Average good beans in a row: 1 | P17: =CONCATENATE("Median good beans in a row: ", (MEDIAN(Beans!D:D))) -> Median good beans in a row: 0
A18: Cappuccino | B18: Good | C18: 6th-Curr | D18: =D19 | E18: =COUNTIFS(Beans!B:B, A18) -> 31 | F18: =IF(E18+E19 = 0, "n/a", E18/(E18+E19)) -> 0.29245283 | H18: =CONCATENATE("Most bad beans in a row: ", MAX(Beans!E:E)) -> Most bad beans in a row: 22 | L18: =CONCATENATE("Average bad beans in a row: ", ROUND(SUM(Beans!E:E)/I3,0)) -> Average bad beans in a row: 24 | P18: =CONCATENATE("Median bad beans in a row: ", (MEDIAN(Beans!E:E))) -> Median bad beans in a row: 2
A19: Liver & Onion | B19: Bad | C19: 6th-Curr | E19: =COUNTIFS(Beans!B:B, A19) -> 75 | F19: =IF(E18+E19 = 0, "n/a", E19/(E18+E19)) -> 0.70754717
A20: Buttered Popcorn | B20: Good | C20: 1st-6th | D20: =D21 | E20: =COUNTIFS(Beans!B:B, A20) -> 36 | F20: =IF(E20+E21 = 0, "n/a", E20/(E20+E21)) -> 0.34951456 | H20: =CONCATENATE("Most beans in a day: ", MAX(Beans!G:G)) -> Most beans in a day: 33 | L20: =CONCATENATE("Average beans in a day: ", ROUND(AVERAGE(Beans!G:G),1)) -> Average beans in a day: 3.5 | P20: =CONCATENATE("Median beans in a day: ", (MEDIAN(Beans!G:G))) -> Median beans in a day: 2
A21: Rotten Egg | B21: Bad | C21: 1st-6th | E21: =COUNTIFS(Beans!B:B, A21) -> 67 | F21: =IF(E20+E21 = 0, "n/a", E21/(E20+E21)) -> 0.65048544 | H21: =CONCATENATE("Most beans in a month: ", MAX(Beans!H:H)) -> Most beans in a month: 74 | L21: =CONCATENATE("Average beans in a month: ", ROUND(AVERAGE(Beans!H:H),1)) -> Average beans in a month: 21.1
A22: Chocolate Pudding | B22: Good | C22: 2nd-5th | D22: =D23 | E22: =COUNTIFS(Beans!B:B, A22) -> 1 | F22: =IF(E22+E23 = 0, "n/a", E22/(E22+E23)) -> 0.058823529
A23: Dog Food | B23: Bad | C23: 2nd-5th | E23: =COUNTIFS(Beans!B:B, A23) -> 16 | F23: =IF(E22+E23 = 0, "n/a", E23/(E22+E23)) -> 0.94117647
A24: Coconut | B24: Good | C24: 4th-5th | D24: =D25 | E24: =COUNTIFS(Beans!B:B, A24) -> 6 | F24: =IF(E24+E25 = 0, "n/a", E24/(E24+E25)) -> 0.66666667
A25: Spoiled Milk | B25: Bad | C25: 4th-5th | E25: =COUNTIFS(Beans!B:B, A25) -> 3 | F25: =IF(E24+E25 = 0, "n/a", E25/(E24+E25)) -> 0.33333333
A26: Top Banana | B26: Good | C26: 7th-Curr | E26: =COUNTIFS(Beans!B:B, A26) -> 2 | F26: =IF(E26+E27 = 0, "n/a", E26/(E26+E27)) -> 0.11111111
A27: Wet Dog | B27: Bad | C27: 7th-Curr | D27: =D26 | E27: =COUNTIFS(Beans!B:B, A27) -> 16 | F27: =IF(E26+E27 = 0, "n/a", E27/(E26+E27)) -> 0.88888889
A28: Licorice | B28: Good | C28: 7th-Curr | E28: =COUNTIFS(Beans!B:B, A28) -> 4 | F28: =IF(E28+E29 = 0, "n/a", E28/(E28+E29)) -> 0.4
A29: Burnt Rubber | B29: Bad | C29: 7th-Curr | D29: =D28 | E29: =COUNTIFS(Beans!B:B, A29) -> 6 | F29: =IF(E28+E29 = 0, "n/a", E29/(E28+E29)) -> 0.6
A30: Sriracha | B30: Spicy | C30: Firey Five | E30: =COUNTIFS(Beans!B:B, A30) -> 1 | F30: =IF(E30+E31+E32+E33+E34 = 0, "n/a", E30/(E30+E31+E32+E33+E34)) -> 0.033333333
A31: Jalapeño | B31: Spicy | C31: Firey Five | E31: =COUNTIFS(Beans!B:B, A31) -> 3 | F31: =IF(E30+E31+E32+E33+E34 = 0, "n/a", E31/(E30+E31+E32+E33+E34)) -> 0.1
A32: Cayenne | B32: Spicy | C32: Firey Five | E32: =COUNTIFS(Beans!B:B, A32) -> 3 | F32: =IF(E30+E31+E32+E33+E34 = 0, "n/a", E32/(E30+E31+E32+E33+E34)) -> 0.1
A33: Habanero | B33: Spicy | C33: Firey Five | E33: =COUNTIFS(Beans!B:B, A33) -> 11 | F33: =IF(E30+E31+E32+E33+E34 = 0, "n/a", E33/(E30+E31+E32+E33+E34)) -> 0.36666667
A34: Carolina Reaper | B34: Spicy | C34: Firey Five | E34: =COUNTIFS(Beans!B:B, A34) -> 12 | F34: =IF(E30+E31+E32+E33+E34 = 0, "n/a", E34/(E30+E31+E32+E33+E34)) -> 0.4
A35: Mystery Bean (Good) | B35: Good | C35: ? | E35: =COUNTIFS(Beans!B:B, A35) -> 4 | F35: =IF(E35+E36 = 0, "n/a", E35/(E35+E36)) -> 0.66666667
A36: Mystery Bean (Bad) | B36: Bad | C36: ? | E36: =COUNTIFS(Beans!B:B, A36) -> 2 | F36: =IF(E35+E36 = 0, "n/a", E36/(E35+E36)) -> 0.33333333
E37: =SUM(E2:E36) -> 1213

Sheet Beans
A1: Date | B1: Flavor | C1: Type look up | D1: Good in a row | E1: Bad in a row | F1: Beans in a row | G1: Bean of the Day | H1: Bean of the Month | I1: Bean of the Year | K1: Vod | L1: Notes
A2: 44852 | B2: Dirty Dishwater | C2: =IFERROR(VLOOKUP(B2,'Overall Bean Summary'!A$2:B$36,2,FALSE),"") -> Bad | D2: 0 | E2: 1 | F2: 1 | G2: 1 | H2: 1 | I2: 1 | K2: Bean Episode 1 | L2: NEW BOX | M2: Good | N2: Bad | O2: Good | P2: Bad
A3: 44853 | B3: Toasted Marshmallow | C3: =IFERROR(VLOOKUP(B3,'Overall Bean Summary'!A$2:B$36,2,FALSE),"") -> Good | D3: =IF(A3 <> "", IF(C3 = "Spicy", D2, IF(C3 = "Good", D2+1, 0)), "") -> 1 | E3: =IF(A3 <> "", IF(C3 = "Spicy", E2, IF(C3 = "Bad", E2+1 , 0)), "") -> 0 | F3: =IF(B3 <> "", if(B3 = B2, F2+1, 1) ,"") -> 1 | G3: =IF(C3 <> "", IF(DAY(A2) = DAY(A3), G2+1, 1) ,"") -> 1 | H3: =IF(C3 <> "", IF(MONTH(A2) = MONTH(A3), H2+1, 1) ,"") -> 2 | I3: =IF(C3 <> "", IF(YEAR(A2) = YEAR(A3), I2+1, 1) ,"") -> 2 | K3: Bean Episode 2 | M3: =COUNTIF(C2:C34, "Good") -> 12 | N3: =COUNTIF(C2:C34, "Bad")+1 -> 22 | O3: =M3/(M3+N3) -> 0.35294118 | P3: =N3/(M3+N3) -> 0.64705882
A4: 44854 | B4: Toothpaste | C4: =IFERROR(VLOOKUP(B4,'Overall Bean Summary'!A$2:B$36,2,FALSE),"") -> Bad | D4: =IF(A4 <> "", IF(C4 = "Spicy", D3, IF(C4 = "Good", D3+1, 0)), "") -> 0 | E4: =IF(A4 <> "", IF(C4 = "Spicy", E3, IF(C4 = "Bad", E3+1 , 0)), "") -> 1 | F4: =IF(B4 <> "", if(B4 = B3, F3+1, 1) ,"") -> 1 | G4: =IF(C4 <> "", IF(DAY(A3) = DAY(A4), G3+1, 1) ,"") -> 1 | H4: =IF(C4 <> "", IF(MONTH(A3) = MONTH(A4), H3+1, 1) ,"") -> 3 | I4: =IF(C4 <> "", IF(YEAR(A3) = YEAR(A4), I3+1, 1) ,"") -> 3 | K4: Bean Episode 3
A5: 44855 | B5: Tutti Fruitti | C5: =IFERROR(VLOOKUP(B5,'Overall Bean Summary'!A$2:B$36,2,FALSE),"") -> Good | D5: =IF(A5 <> "", IF(C5 = "Spicy", D4, IF(C5 = "Good", D4+1, 0)), "") -> 1 | E5: =IF(A5 <> "", IF(C5 = "Spicy", E4, IF(C5 = "Bad", E4+1 , 0)), "") -> 0 | F5: =IF(B5 <> "", if(B5 = B4, F4+1, 1) ,"") -> 1 | G5: =IF(C5 <> "", IF(DAY(A4) = DAY(A5), G4+1, 1) ,"") -> 1 | H5: =IF(C5 <> "", IF(MONTH(A4) = MONTH(A5), H4+1, 1) ,"") -> 4 | I5: =IF(C5 <> "", IF(YEAR(A4) = YEAR(A5), I4+1, 1) ,"") -> 4 | K5: Bean Episode 4
A6: 44858 | B6: Dead Fish (Rotten) | C6: =IFERROR(VLOOKUP(B6,'Overall Bean Summary'!A$2:B$36,2,FALSE),"") -> Bad | D6: =IF(A6 <> "", IF(C6 = "Spicy", D5, IF(C6 = "Good", D5+1, 0)), "") -> 0 | E6: =IF(A6 <> "", IF(C6 = "Spicy", E5, IF(C6 = "Bad", E5+1 , 0)), "") -> 1 | F6: =IF(B6 <> "", if(B6 = B5, F5+1, 1) ,"") -> 1 | G6: =IF(C6 <> "", IF(DAY(A5) = DAY(A6), G5+1, 1) ,"") -> 1 | H6: =IF(C6 <> "", IF(MONTH(A5) = MONTH(A6), H5+1, 1) ,"") -> 5 | I6: =IF(C6 <> "", IF(YEAR(A5) = YEAR(A6), I5+1, 1) ,"") -> 5 | K6: Bean Episode 5
A7: 44859 | B7: Liver & Onion | C7: =IFERROR(VLOOKUP(B7,'Overall Bean Summary'!A$2:B$36,2,FALSE),"") -> Bad | D7: =IF(A7 <> "", IF(C7 = "Spicy", D6, IF(C7 = "Good", D6+1, 0)), "") -> 0 | E7: =IF(A7 <> "", IF(C7 = "Spicy", E6, IF(C7 = "Bad", E6+1 , 0)), "") -> 2 | F7: =IF(B7 <> "", if(B7 = B6, F6+1, 1) ,"") -> 1 | G7: =IF(C7 <> "", IF(DAY(A6) = DAY(A7), G6+1, 1) ,"") -> 1 | H7: =IF(C7 <> "", IF(MONTH(A6) = MONTH(A7), H6+1, 1) ,"") -> 6 | I7: =IF(C7 <> "", IF(YEAR(A6) = YEAR(A7), I6+1, 1) ,"") -> 6 | K7: Bean Episode 6
A8: 44860 | B8: Birthday Cake | C8: =IFERROR(VLOOKUP(B8,'Overall Bean Summary'!A$2:B$36,2,FALSE),"") -> Good | D8: =IF(A8 <> "", IF(C8 = "Spicy", D7, IF(C8 = "Good", D7+1, 0)), "") -> 1 | E8: =IF(A8 <> "", IF(C8 = "Spicy", E7, IF(C8 = "Bad", E7+1 , 0)), "") -> 0 | F8: =IF(B8 <> "", if(B8 = B7, F7+1, 1) ,"") -> 1 | G8: =IF(C8 <> "", IF(DAY(A7) = DAY(A8), G7+1, 1) ,"") -> 1 | H8: =IF(C8 <> "", IF(MONTH(A7) = MONTH(A8), H7+1, 1) ,"") -> 7 | I8: =IF(C8 <> "", IF(YEAR(A7) = YEAR(A8), I7+1, 1) ,"") -> 7 | K8: Bean Episode 7
A9: 44861 | B9: Peach | C9: =IFERROR(VLOOKUP(B9,'Overall Bean Summary'!A$2:B$36,2,FALSE),"") -> Good | D9: =IF(A9 <> "", IF(C9 = "Spicy", D8, IF(C9 = "Good", D8+1, 0)), "") -> 2 | E9: =IF(A9 <> "", IF(C9 = "Spicy", E8, IF(C9 = "Bad", E8+1 , 0)), "") -> 0 | F9: =IF(B9 <> "", if(B9 = B8, F8+1, 1) ,"") -> 1 | G9: =IF(C9 <> "", IF(DAY(A8) = DAY(A9), G8+1, 1) ,"") -> 1 | H9: =IF(C9 <> "", IF(MONTH(A8) = MONTH(A9), H8+1, 1) ,"") -> 8 | I9: =IF(C9 <> "", IF(YEAR(A8) = YEAR(A9), I8+1, 1) ,"") -> 8 | K9: Bean Episode 8
A10: 44862 | B10: Stinky Socks | C10: =IFERROR(VLOOKUP(B10,'Overall Bean Summary'!A$2:B$36,2,FALSE),"") -> Bad | D10: =IF(A10 <> "", IF(C10 = "Spicy", D9, IF(C10 = "Good", D9+1, 0)), "") -> 0 | E10: =IF(A10 <> "", IF(C10 = "Spicy", E9, IF(C10 = "Bad", E9+1 , 0)), "") -> 1 | F10: =IF(B10 <> "", if(B10 = B9, F9+1, 1) ,"") -> 1 | G10: =IF(C10 <> "", IF(DAY(A9) = DAY(A10), G9+1, 1) ,"") -> 1 | H10: =IF(C10 <> "", IF(MONTH(A9) = MONTH(A10), H9+1, 1) ,"") -> 9 | I10: =IF(C10 <> "", IF(YEAR(A9) = YEAR(A10), I9+1, 1) ,"") -> 9 | K10: Bean Episode 9
A11: 44865 | B11: Peach | C11: =IFERROR(VLOOKUP(B11,'Overall Bean Summary'!A$2:B$36,2,FALSE),"") -> Good | D11: =IF(A11 <> "", IF(C11 = "Spicy", D10, IF(C11 = "Good", D10+1, 0)), "") -> 1 | E11: =IF(A11 <> "", IF(C11 = "Spicy", E10, IF(C11 = "Bad", E10+1 , 0)), "") -> 0 | F11: =IF(B11 <> "", if(B11 = B10, F10+1, 1) ,"") -> 1 | G11: =IF(C11 <> "", IF(DAY(A10) = DAY(A11), G10+1, 1) ,"") -> 1 | H11: =IF(C11 <> "", IF(MONTH(A10) = MONTH(A11), H10+1, 1) ,"") -> 10 | I11: =IF(C11 <> "", IF(YEAR(A10) = YEAR(A11), I10+1, 1) ,"") -> 10 | K11: Bean Episode 10
A12: 44866 | B12: Stink Bug | C12: =IFERROR(VLOOKUP(B12,'Overall Bean Summary'!A$2:B$36,2,FALSE),"") -> Bad | D12: =IF(A12 <> "", IF(C12 = "Spicy", D11, IF(C12 = "Good", D11+1, 0)), "") -> 0 | E12: =IF(A12 <> "", IF(C12 = "Spicy", E11, IF(C12 = "Bad", E11+1 , 0)), "") -> 1 | F12: =IF(B12 <> "", if(B12 = B11, F11+1, 1) ,"") -> 1 | G12: =IF(C12 <> "", IF(DAY(A11) = DAY(A12), G11+1, 1) ,"") -> 1 | H12: =IF(C12 <> "", IF(MONTH(A11) = MONTH(A12), H11+1, 1) ,"") -> 1 | I12: =IF(C12 <> "", IF(YEAR(A11) = YEAR(A12), I11+1, 1) ,"") -> 11 | K12: Bean Episode 11
A13: 44867 | B13: Strawberry Smoothie | C13: =IFERROR(VLOOKUP(B13,'Overall Bean Summary'!A$2:B$36,2,FALSE),"") -> Good | D13: =IF(A13 <> "", IF(C13 = "Spicy", D12, IF(C13 = "Good", D12+1, 0)), "") -> 1 | E13: =IF(A13 <> "", IF(C13 = "Spicy", E12, IF(C13 = "Bad", E12+1 , 0)), "") -> 0 | F13: =IF(B13 <> "", if(B13 = B12, F12+1, 1) ,"") -> 1 | G13: =IF(C13 <> "", IF(DAY(A12) = DAY(A13), G12+1, 1) ,"") -> 1 | H13: =IF(C13 <> "", IF(MONTH(A12) = MONTH(A13), H12+1, 1) ,"") -> 2 | I13: =IF(C13 <> "", IF(YEAR(A12) = YEAR(A13), I12+1, 1) ,"") -> 12 | K13: Bean Episode 12
A14: 44868 | B14: Peach | C14: =IFERROR(VLOOKUP(B14,'Overall Bean Summary'!A$2:B$36,2,FALSE),"") -> Good | D14: =IF(A14 <> "", IF(C14 = "Spicy", D13, IF(C14 = "Good", D13+1, 0)), "") -> 2 | E14: =IF(A14 <> "", IF(C14 = "Spicy", E13, IF(C14 = "Bad", E13+1 , 0)), "") -> 0 | F14: =IF(B14 <> "", if(B14 = B13, F13+1, 1) ,"") -> 1 | G14: =IF(C14 <> "", IF(DAY(A13) = DAY(A14), G13+1, 1) ,"") -> 1 | H14: =IF(C14 <> "", IF(MONTH(A13) = MONTH(A14), H13+1, 1) ,"") -> 3 | I14: =IF(C14 <> "", IF(YEAR(A13) = YEAR(A14), I13+1, 1) ,"") -> 13 | K14: Bean Episode 13
A15: 44869 | B15: Buttered Popcorn | C15: =IFERROR(VLOOKUP(B15,'Overall Bean Summary'!A$2:B$36,2,FALSE),"") -> Good | D15: =IF(A15 <> "", IF(C15 = "Spicy", D14, IF(C15 = "Good", D14+1, 0)), "") -> 3 | E15: =IF(A15 <> "", IF(C15 = "Spicy", E14, IF(C15 = "Bad", E14+1 , 0)), "") -> 0 | F15: =IF(B15 <> "", if(B15 = B14, F14+1, 1) ,"") -> 1 | G15: =IF(C15 <> "", IF(DAY(A14) = DAY(A15), G14+1, 1) ,"") -> 1 | H15: =IF(C15 <> "", IF(MONTH(A14) = MONTH(A15), H14+1, 1) ,"") -> 4 | I15: =IF(C15 <> "", IF(YEAR(A14) = YEAR(A15), I14+1, 1) ,"") -> 14 | K15: Bean Episode 14
... A17: 44873 | B17: Juicy Pear | C17: =IFERROR(VLOOKUP(B17,'Overall Bean Summary'!A$2:B$36,2,FALSE),"") -> Good | D17: =IF(A17 <> "", IF(C17 = "Spicy", D16, IF(C17 = "Good", D16+1, 0)), "") -> 1 | E17: =IF(A17 <> "", IF(C17 = "Spicy", E16, IF(C17 = "Bad", E16+1 , 0)), "") -> 0 | F17: =IF(B17 <> "", if(B17 = B16, F16+1, 1) ,"") -> 1 | G17: =IF(C17 <> "", IF(DAY(A16) = DAY(A17), G16+1, 1) ,"") -> 1 | H17: =IF(C17 <> "", IF(MONTH(A16) = MONTH(A17), H16+1, 1) ,"") -> 6 | I17: =IF(C17 <> "", IF(YEAR(A16) = YEAR(A17), I16+1, 1) ,"") -> 16 | K17: Bean Episode 16
A18: 44874 | B18: Rotten Egg | C18: =IFERROR(VLOOKUP(B18,'Overall Bean Summary'!A$2:B$36,2,FALSE),"") -> Bad | D18: =IF(A18 <> "", IF(C18 = "Spicy", D17, IF(C18 = "Good", D17+1, 0)), "") -> 0 | E18: =IF(A18 <> "", IF(C18 = "Spicy", E17, IF(C18 = "Bad", E17+1 , 0)), "") -> 1 | F18: =IF(B18 <> "", if(B18 = B17, F17+1, 1) ,"") -> 1 | G18: =IF(C18 <> "", IF(DAY(A17) = DAY(A18), G17+1, 1) ,"") -> 1 | H18: =IF(C18 <> "", IF(MONTH(A17) = MONTH(A18), H17+1, 1) ,"") -> 7 | I18: =IF(C18 <> "", IF(YEAR(A17) = YEAR(A18), I17+1, 1) ,"") -> 17 | K18: Bean Episode 17 | L18: Kay Bean | M18: Rotten Egg
A19: 44875 | B19: Stinky Socks | C19: =IFERROR(VLOOKUP(B19,'Overall Bean Summary'!A$2:B$36,2,FALSE),"") -> Bad | D19: =IF(A19 <> "", IF(C19 = "Spicy", D18, IF(C19 = "Good", D18+1, 0)), "") -> 0 | E19: =IF(A19 <> "", IF(C19 = "Spicy", E18, IF(C19 = "Bad", E18+1 , 0)), "") -> 2 | F19: =IF(B19 <> "", if(B19 = B18, F18+1, 1) ,"") -> 1 | G19: =IF(C19 <> "", IF(DAY(A18) = DAY(A19), G18+1, 1) ,"") -> 1 | H19: =IF(C19 <> "", IF(MONTH(A18) = MONTH(A19), H18+1, 1) ,"") -> 8 | I19: =IF(C19 <> "", IF(YEAR(A18) = YEAR(A19), I18+1, 1) ,"") -> 18 | K19: Bean Episode 18
A20: 44876 | B20: Liver & Onion | C20: =IFERROR(VLOOKUP(B20,'Overall Bean Summary'!A$2:B$36,2,FALSE),"") -> Bad | D20: =IF(A20 <> "", IF(C20 = "Spicy", D19, IF(C20 = "Good", D19+1, 0)), "") -> 0 | E20: =IF(A20 <> "", IF(C20 = "Spicy", E19, IF(C20 = "Bad", E19+1 , 0)), "") -> 3 | F20: =IF(B20 <> "", if(B20 = B19, F19+1, 1) ,"") -> 1 | G20: =IF(C20 <> "", IF(DAY(A19) = DAY(A20), G19+1, 1) ,"") -> 1 | H20: =IF(C20 <> "", IF(MONTH(A19) = MONTH(A20), H19+1, 1) ,"") -> 9 | I20: =IF(C20 <> "", IF(YEAR(A19) = YEAR(A20), I19+1, 1) ,"") -> 19 | K20: Bean Episode 19 | M20: Korygg - Techsmith 351
A21: 44879 | B21: Berry Blue | C21: =IFERROR(VLOOKUP(B21,'Overall Bean Summary'!A$2:B$36,2,FALSE),"") -> Good | D21: =IF(A21 <> "", IF(C21 = "Spicy", D20, IF(C21 = "Good", D20+1, 0)), "") -> 1 | E21: =IF(A21 <> "", IF(C21 = "Spicy", E20, IF(C21 = "Bad", E20+1 , 0)), "") -> 0 | F21: =IF(B21 <> "", if(B21 = B20, F20+1, 1) ,"") -> 1 | G21: =IF(C21 <> "", IF(DAY(A20) = DAY(A21), G20+1, 1) ,"") -> 1 | H21: =IF(C21 <> "", IF(MONTH(A20) = MONTH(A21), H20+1, 1) ,"") -> 10 | I21: =IF(C21 <> "", IF(YEAR(A20) = YEAR(A21), I20+1, 1) ,"") -> 20 | K21: Bean Episode 20
A22: 44880 | B22: Barf | C22: =IFERROR(VLOOKUP(B22,'Overall Bean Summary'!A$2:B$36,2,FALSE),"") -> Bad | D22: =IF(A22 <> "", IF(C22 = "Spicy", D21, IF(C22 = "Good", D21+1, 0)), "") -> 0 | E22: =IF(A22 <> "", IF(C22 = "Spicy", E21, IF(C22 = "Bad", E21+1 , 0)), "") -> 1 | F22: =IF(B22 <> "", if(B22 = B21, F21+1, 1) ,"") -> 1 | G22: =IF(C22 <> "", IF(DAY(A21) = DAY(A22), G21+1, 1) ,"") -> 1 | H22: =IF(C22 <> "", IF(MONTH(A21) = MONTH(A22), H21+1, 1) ,"") -> 11 | I22: =IF(C22 <> "", IF(YEAR(A21) = YEAR(A22), I21+1, 1) ,"") -> 21 | K22: Bean Episode 21
A23: 44881 | B23: Cappuccino | C23: =IFERROR(VLOOKUP(B23,'Overall Bean Summary'!A$2:B$36,2,FALSE),"") -> Good | D23: =IF(A23 <> "", IF(C23 = "Spicy", D22, IF(C23 = "Good", D22+1, 0)), "") -> 1 | E23: =IF(A23 <> "", IF(C23 = "Spicy", E22, IF(C23 = "Bad", E22+1 , 0)), "") -> 0 | F23: =IF(B23 <> "", if(B23 = B22, F22+1, 1) ,"") -> 1 | G23: =IF(C23 <> "", IF(DAY(A22) = DAY(A23), G22+1, 1) ,"") -> 1 | H23: =IF(C23 <> "", IF(MONTH(A22) = MONTH(A23), H22+1, 1) ,"") -> 12 | I23: =IF(C23 <> "", IF(YEAR(A22) = YEAR(A23), I22+1, 1) ,"") -> 22 | K23: Bean Episode 22
A24: 44882 | B24: Liver & Onion | C24: =IFERROR(VLOOKUP(B24,'Overall Bean Summary'!A$2:B$36,2,FALSE),"") -> Bad | D24: =IF(A24 <> "", IF(C24 = "Spicy", D23, IF(C24 = "Good", D23+1, 0)), "") -> 0 | E24: =IF(A24 <> "", IF(C24 = "Spicy", E23, IF(C24 = "Bad", E23+1 , 0)), "") -> 1 | F24: =IF(B24 <> "", if(B24 = B23, F23+1, 1) ,"") -> 1 | G24: =IF(C24 <> "", IF(DAY(A23) = DAY(A24), G23+1, 1) ,"") -> 1 | H24: =IF(C24 <> "", IF(MONTH(A23) = MONTH(A24), H23+1, 1) ,"") -> 13 | I24: =IF(C24 <> "", IF(YEAR(A23) = YEAR(A24), I23+1, 1) ,"") -> 23 | K24: Bean Episode 23
A25: 44882 | B25: Cappuccino | C25: =IFERROR(VLOOKUP(B25,'Overall Bean Summary'!A$2:B$36,2,FALSE),"") -> Good | D25: =IF(A25 <> "", IF(C25 = "Spicy", D24, IF(C25 = "Good", D24+1, 0)), "") -> 1 | E25: =IF(A25 <> "", IF(C25 = "Spicy", E24, IF(C25 = "Bad", E24+1 , 0)), "") -> 0 | F25: =IF(B25 <> "", if(B25 = B24, F24+1, 1) ,"") -> 1 | G25: =IF(C25 <> "", IF(DAY(A24) = DAY(A25), G24+1, 1) ,"") -> 2 | H25: =IF(C25 <> "", IF(MONTH(A24) = MONTH(A25), H24+1, 1) ,"") -> 14 | I25: =IF(C25 <> "", IF(YEAR(A24) = YEAR(A25), I24+1, 1) ,"") -> 24 | K25: Bean Episode 23
A26: 44883 | B26: Barf | C26: =IFERROR(VLOOKUP(B26,'Overall Bean Summary'!A$2:B$36,2,FALSE),"") -> Bad | D26: =IF(A26 <> "", IF(C26 = "Spicy", D25, IF(C26 = "Good", D25+1, 0)), "") -> 0 | E26: =IF(A26 <> "", IF(C26 = "Spicy", E25, IF(C26 = "Bad", E25+1 , 0)), "") -> 1 | F26: =IF(B26 <> "", if(B26 = B25, F25+1, 1) ,"") -> 1 | G26: =IF(C26 <> "", IF(DAY(A25) = DAY(A26), G25+1, 1) ,"") -> 1 | H26: =IF(C26 <> "", IF(MONTH(A25) = MONTH(A26), H25+1, 1) ,"") -> 15 | I26: =IF(C26 <> "", IF(YEAR(A25) = YEAR(A26), I25+1, 1) ,"") -> 25 | K26: Bean Episode 24
A27: 44886 | B27: Old Bandage | C27: =IFERROR(VLOOKUP(B27,'Overall Bean Summary'!A$2:B$36,2,FALSE),"") -> Bad | D27: =IF(A27 <> "", IF(C27 = "Spicy", D26, IF(C27 = "Good", D26+1, 0)), "") -> 0 | E27: =IF(A27 <> "", IF(C27 = "Spicy", E26, IF(C27 = "Bad", E26+1 , 0)), "") -> 2 | F27: =IF(B27 <> "", if(B27 = B26, F26+1, 1) ,"") -> 1 | G27: =IF(C27 <> "", IF(DAY(A26) = DAY(A27), G26+1, 1) ,"") -> 1 | H27: =IF(C27 <> "", IF(MONTH(A26) = MONTH(A27), H26+1, 1) ,"") -> 16 | I27: =IF(C27 <> "", IF(YEAR(A26) = YEAR(A27), I26+1, 1) ,"") -> 26 | K27: Bean Episode 25
A28: 44887 | B28: Dirty Dishwater | C28: =IFERROR(VLOOKUP(B28,'Overall Bean Summary'!A$2:B$36,2,FALSE),"") -> Bad | D28: =IF(A28 <> "", IF(C28 = "Spicy", D27, IF(C28 = "Good", D27+1, 0)), "") -> 0 | E28: =IF(A28 <> "", IF(C28 = "Spicy", E27, IF(C28 = "Bad", E27+1 , 0)), "") -> 3 | F28: =IF(B28 <> "", if(B28 = B27, F27+1, 1) ,"") -> 1 | G28: =IF(C28 <> "", IF(DAY(A27) = DAY(A28), G27+1, 1) ,"") -> 1 | H28: =IF(C28 <> "", IF(MONTH(A27) = MONTH(A28), H27+1, 1) ,"") -> 17 | I28: =IF(C28 <> "", IF(YEAR(A27) = YEAR(A28), I27+1, 1) ,"") -> 27 | K28: Bean Episode 26
A29: 44888 | B29: Toothpaste | C29: =IFERROR(VLOOKUP(B29,'Overall Bean Summary'!A$2:B$36,2,FALSE),"") -> Bad | D29: =IF(A29 <> "", IF(C29 = "Spicy", D28, IF(C29 = "Good", D28+1, 0)), "") -> 0 | E29: =IF(A29 <> "", IF(C29 = "Spicy", E28, IF(C29 = "Bad", E28+1 , 0)), "") -> 4 | F29: =IF(B29 <> "", if(B29 = B28, F28+1, 1) ,"") -> 1 | G29: =IF(C29 <> "", IF(DAY(A28) = DAY(A29), G28+1, 1) ,"") -> 1 | H29: =IF(C29 <> "", IF(MONTH(A28) = MONTH(A29), H28+1, 1) ,"") -> 18 | I29: =IF(C29 <> "", IF(YEAR(A28) = YEAR(A29), I28+1, 1) ,"") -> 28 | K29: Bean Episode 27
A30: 44889 | B30: Dead Fish (Rotten) | C30: =IFERROR(VLOOKUP(B30,'Overall Bean Summary'!A$2:B$36,2,FALSE),"") -> Bad | D30: =IF(A30 <> "", IF(C30 = "Spicy", D29, IF(C30 = "Good", D29+1, 0)), "") -> 0 | E30: =IF(A30 <> "", IF(C30 = "Spicy", E29, IF(C30 = "Bad", E29+1 , 0)), "") -> 5 | F30: =IF(B30 <> "", if(B30 = B29, F29+1, 1) ,"") -> 1 | G30: =IF(C30 <> "", IF(DAY(A29) = DAY(A30), G29+1, 1) ,"") -> 1 | H30: =IF(C30 <> "", IF(MONTH(A29) = MONTH(A30), H29+1, 1) ,"") -> 19 | I30: =IF(C30 <> "", IF(YEAR(A29) = YEAR(A30), I29+1, 1) ,"") -> 29 | K30: Bean Episode 28
A31: 44890 | B31: Dirty Dishwater | C31: =IFERROR(VLOOKUP(B31,'Overall Bean Summary'!A$2:B$36,2,FALSE),"") -> Bad | D31: =IF(A31 <> "", IF(C31 = "Spicy", D30, IF(C31 = "Good", D30+1, 0)), "") -> 0 | E31: =IF(A31 <> "", IF(C31 = "Spicy", E30, IF(C31 = "Bad", E30+1 , 0)), "") -> 6 | F31: =IF(B31 <> "", if(B31 = B30, F30+1, 1) ,"") -> 1 | G31: =IF(C31 <> "", IF(DAY(A30) = DAY(A31), G30+1, 1) ,"") -> 1 | H31: =IF(C31 <> "", IF(MONTH(A30) = MONTH(A31), H30+1, 1) ,"") -> 20 | I31: =IF(C31 <> "", IF(YEAR(A30) = YEAR(A31), I30+1, 1) ,"") -> 30 | K31: Bean Episode 29
A32: 44890 | B32: Dirty Dishwater | C32: =IFERROR(VLOOKUP(B32,'Overall Bean Summary'!A$2:B$36,2,FALSE),"") -> Bad | D32: =IF(A32 <> "", IF(C32 = "Spicy", D31, IF(C32 = "Good", D31+1, 0)), "") -> 0 | E32: =IF(A32 <> "", IF(C32 = "Spicy", E31, IF(C32 = "Bad", E31+1 , 0)), "") -> 7 | F32: =IF(B32 <> "", if(B32 = B31, F31+1, 1) ,"") -> 2 | G32: =IF(C32 <> "", IF(DAY(A31) = DAY(A32), G31+1, 1) ,"") -> 2 | H32: =IF(C32 <> "", IF(MONTH(A31) = MONTH(A32), H31+1, 1) ,"") -> 21 | I32: =IF(C32 <> "", IF(YEAR(A31) = YEAR(A32), I31+1, 1) ,"") -> 31 | K32: Bean Episode 29
A33: 44893 | B33: Rotten Egg | C33: =IFERROR(VLOOKUP(B33,'Overall Bean Summary'!A$2:B$36,2,FALSE),"") -> Bad | D33: =IF(A33 <> "", IF(C33 = "Spicy", D32, IF(C33 = "Good", D32+1, 0)), "") -> 0 | E33: =IF(A33 <> "", IF(C33 = "Spicy", E32, IF(C33 = "Bad", E32+1 , 0)), "") -> 8 | F33: =IF(B33 <> "", if(B33 = B32, F32+1, 1) ,"") -> 1 | G33: =IF(C33 <> "", IF(DAY(A32) = DAY(A33), G32+1, 1) ,"") -> 1 | H33: =IF(C33 <> "", IF(MONTH(A32) = MONTH(A33), H32+1, 1) ,"") -> 22 | I33: =IF(C33 <> "", IF(YEAR(A32) = YEAR(A33), I32+1, 1) ,"") -> 32 | K33: Bean Episode 30
A34: 44894 | B34: Dirty Dishwater | C34: =IFERROR(VLOOKUP(B34,'Overall Bean Summary'!A$2:B$36,2,FALSE),"") -> Bad | D34: =IF(A34 <> "", IF(C34 = "Spicy", D33, IF(C34 = "Good", D33+1, 0)), "") -> 0 | E34: =IF(A34 <> "", IF(C34 = "Spicy", E33, IF(C34 = "Bad", E33+1 , 0)), "") -> 9 | F34: =IF(B34 <> "", if(B34 = B33, F33+1, 1) ,"") -> 1 | G34: =IF(C34 <> "", IF(DAY(A33) = DAY(A34), G33+1, 1) ,"") -> 1 | H34: =IF(C34 <> "", IF(MONTH(A33) = MONTH(A34), H33+1, 1) ,"") -> 23 | I34: =IF(C34 <> "", IF(YEAR(A33) = YEAR(A34), I33+1, 1) ,"") -> 33 | K34: Bean Episode 31 | M34: Good | N34: Bad | O34: Good | P34: Bad
A35: 44896 | B35: Mystery Bean (Good) | C35: =IFERROR(VLOOKUP(B35,'Overall Bean Summary'!A$2:B$36,2,FALSE),"") -> Good | D35: =IF(A35 <> "", IF(C35 = "Spicy", D34, IF(C35 = "Good", D34+1, 0)), "") -> 1 | E35: =IF(A35 <> "", IF(C35 = "Spicy", E34, IF(C35 = "Bad", E34+1 , 0)), "") -> 0 | F35: =IF(B35 <> "", if(B35 = B34, F34+1, 1) ,"") -> 1 | G35: =IF(C35 <> "", IF(DAY(A34) = DAY(A35), G34+1, 1) ,"") -> 1 | H35: =IF(C35 <> "", IF(MONTH(A34) = MONTH(A35), H34+1, 1) ,"") -> 1 | I35: =IF(C35 <> "", IF(YEAR(A34) = YEAR(A35), I34+1, 1) ,"") -> 34 | K35: Bean Episode 32 | L35: Bubblegum?! | M35: =COUNTIF(C35:C113, "Good") -> 19 | N35: =COUNTIF(C35:C113, "Bad") -> 54 | O35: =M35/(M35+N35) -> 0.26027397 | P35: =N35/(M35+N35) -> 0.73972603
A36: 44897 | B36: Barf | C36: =IFERROR(VLOOKUP(B36,'Overall Bean Summary'!A$2:B$36,2,FALSE),"") -> Bad | D36: =IF(A36 <> "", IF(C36 = "Spicy", D35, IF(C36 = "Good", D35+1, 0)), "") -> 0 | E36: =IF(A36 <> "", IF(C36 = "Spicy", E35, IF(C36 = "Bad", E35+1 , 0)), "") -> 1 | F36: =IF(B36 <> "", if(B36 = B35, F35+1, 1) ,"") -> 1 | G36: =IF(C36 <> "", IF(DAY(A35) = DAY(A36), G35+1, 1) ,"") -> 1 | H36: =IF(C36 <> "", IF(MONTH(A35) = MONTH(A36), H35+1, 1) ,"") -> 2 | I36: =IF(C36 <> "", IF(YEAR(A35) = YEAR(A36), I35+1, 1) ,"") -> 35 | K36: Bean Episode 33
A37: 44897 | B37: Pomegranate | C37: =IFERROR(VLOOKUP(B37,'Overall Bean Summary'!A$2:B$36,2,FALSE),"") -> Good | D37: =IF(A37 <> "", IF(C37 = "Spicy", D36, IF(C37 = "Good", D36+1, 0)), "") -> 1 | E37: =IF(A37 <> "", IF(C37 = "Spicy", E36, IF(C37 = "Bad", E36+1 , 0)), "") -> 0 | F37: =IF(B37 <> "", if(B37 = B36, F36+1, 1) ,"") -> 1 | G37: =IF(C37 <> "", IF(DAY(A36) = DAY(A37), G36+1, 1) ,"") -> 2 | H37: =IF(C37 <> "", IF(MONTH(A36) = MONTH(A37), H36+1, 1) ,"") -> 3 | I37: =IF(C37 <> "", IF(YEAR(A36) = YEAR(A37), I36+1, 1) ,"") -> 36 | K37: (no VOD)
A38: 44900 | B38: Dirty Dishwater | C38: =IFERROR(VLOOKUP(B38,'Overall Bean Summary'!A$2:B$36,2,FALSE),"") -> Bad | D38: =IF(A38 <> "", IF(C38 = "Spicy", D37, IF(C38 = "Good", D37+1, 0)), "") -> 0 | E38: =IF(A38 <> "", IF(C38 = "Spicy", E37, IF(C38 = "Bad", E37+1 , 0)), "") -> 1 | F38: =IF(B38 <> "", if(B38 = B37, F37+1, 1) ,"") -> 1 | G38: =IF(C38 <> "", IF(DAY(A37) = DAY(A38), G37+1, 1) ,"") -> 1 | H38: =IF(C38 <> "", IF(MONTH(A37) = MONTH(A38), H37+1, 1) ,"") -> 4 | I38: =IF(C38 <> "", IF(YEAR(A37) = YEAR(A38), I37+1, 1) ,"") -> 37 | K38: Bean Episode 34
A39: 44900 | B39: Dirty Dishwater | C39: =IFERROR(VLOOKUP(B39,'Overall Bean Summary'!A$2:B$36,2,FALSE),"") -> Bad | D39: =IF(A39 <> "", IF(C39 = "Spicy", D38, IF(C39 = "Good", D38+1, 0)), "") -> 0 | E39: =IF(A39 <> "", IF(C39 = "Spicy", E38, IF(C39 = "Bad", E38+1 , 0)), "") -> 2 | F39: =IF(B39 <> "", if(B39 = B38, F38+1, 1) ,"") -> 2 | G39: =IF(C39 <> "", IF(DAY(A38) = DAY(A39), G38+1, 1) ,"") -> 2 | H39: =IF(C39 <> "", IF(MONTH(A38) = MONTH(A39), H38+1, 1) ,"") -> 5 | I39: =IF(C39 <> "", IF(YEAR(A38) = YEAR(A39), I38+1, 1) ,"") -> 38 | K39: Bean Episode 34
A40: 44900 | B40: Dirty Dishwater | C40: =IFERROR(VLOOKUP(B40,'Overall Bean Summary'!A$2:B$36,2,FALSE),"") -> Bad | D40: =IF(A40 <> "", IF(C40 = "Spicy", D39, IF(C40 = "Good", D39+1, 0)), "") -> 0 | E40: =IF(A40 <> "", IF(C40 = "Spicy", E39, IF(C40 = "Bad", E39+1 , 0)), "") -> 3 | F40: =IF(B40 <> "", if(B40 = B39, F39+1, 1) ,"") -> 3 | G40: =IF(C40 <> "", IF(DAY(A39) = DAY(A40), G39+1, 1) ,"") -> 3 | H40: =IF(C40 <> "", IF(MONTH(A39) = MONTH(A40), H39+1, 1) ,"") -> 6 | I40: =IF(C40 <> "", IF(YEAR(A39) = YEAR(A40), I39+1, 1) ,"") -> 39 | K40: Bean Episode 34 | M40: Techsmith 356 - Drock424 - Techsmith of Dirty Dishwater
A41: 44901 | B41: Pomegranate | C41: =IFERROR(VLOOKUP(B41,'Overall Bean Summary'!A$2:B$36,2,FALSE),"") -> Good | D41: =IF(A41 <> "", IF(C41 = "Spicy", D40, IF(C41 = "Good", D40+1, 0)), "") -> 1 | E41: =IF(A41 <> "", IF(C41 = "Spicy", E40, IF(C41 = "Bad", E40+1 , 0)), "") -> 0 | F41: =IF(B41 <> "", if(B41 = B40, F40+1, 1) ,"") -> 1 | G41: =IF(C41 <> "", IF(DAY(A40) = DAY(A41), G40+1, 1) ,"") -> 1 | H41: =IF(C41 <> "", IF(MONTH(A40) = MONTH(A41), H40+1, 1) ,"") -> 7 | I41: =IF(C41 <> "", IF(YEAR(A40) = YEAR(A41), I40+1, 1) ,"") -> 40 | K41: Bean Episode 35 | M41: Techsmith 357 - Malwatch Mando - Toxic Fucks
A42: 44901 | B42: Mystery Bean (Bad) | C42: =IFERROR(VLOOKUP(B42,'Overall Bean Summary'!A$2:B$36,2,FALSE),"") -> Bad | D42: =IF(A42 <> "", IF(C42 = "Spicy", D41, IF(C42 = "Good", D41+1, 0)), "") -> 0 | E42: =IF(A42 <> "", IF(C42 = "Spicy", E41, IF(C42 = "Bad", E41+1 , 0)), "") -> 1 | F42: =IF(B42 <> "", if(B42 = B41, F41+1, 1) ,"") -> 1 | G42: =IF(C42 <> "", IF(DAY(A41) = DAY(A42), G41+1, 1) ,"") -> 2 | H42: =IF(C42 <> "", IF(MONTH(A41) = MONTH(A42), H41+1, 1) ,"") -> 8 | I42: =IF(C42 <> "", IF(YEAR(A41) = YEAR(A42), I41+1, 1) ,"") -> 41 | K42: Bean Episode 35 | M42: (unsure about bean - Tutti/Stinky Sock)
A43: 44901 | B43: Stinky Socks | C43: =IFERROR(VLOOKUP(B43,'Overall Bean Summary'!A$2:B$36,2,FALSE),"") -> Bad | D43: =IF(A43 <> "", IF(C43 = "Spicy", D42, IF(C43 = "Good", D42+1, 0)), "") -> 0 | E43: =IF(A43 <> "", IF(C43 = "Spicy", E42, IF(C43 = "Bad", E42+1 , 0)), "") -> 2 | F43: =IF(B43 <> "", if(B43 = B42, F42+1, 1) ,"") -> 1 | G43: =IF(C43 <> "", IF(DAY(A42) = DAY(A43), G42+1, 1) ,"") -> 3 | H43: =IF(C43 <> "", IF(MONTH(A42) = MONTH(A43), H42+1, 1) ,"") -> 9 | I43: =IF(C43 <> "", IF(YEAR(A42) = YEAR(A43), I42+1, 1) ,"") -> 42 | K43: Bean Episode 35
A44: 44902 | B44: Dirty Dishwater | C44: =IFERROR(VLOOKUP(B44,'Overall Bean Summary'!A$2:B$36,2,FALSE),"") -> Bad | D44: =IF(A44 <> "", IF(C44 = "Spicy", D43, IF(C44 = "Good", D43+1, 0)), "") -> 0 | E44: =IF(A44 <> "", IF(C44 = "Spicy", E43, IF(C44 = "Bad", E43+1 , 0)), "") -> 3 | F44: =IF(B44 <> "", if(B44 = B43, F43+1, 1) ,"") -> 1 | G44: =IF(C44 <> "", IF(DAY(A43) = DAY(A44), G43+1, 1) ,"") -> 1 | H44: =IF(C44 <> "", IF(MONTH(A43) = MONTH(A44), H43+1, 1) ,"") -> 10 | I44: =IF(C44 <> "", IF(YEAR(A43) = YEAR(A44), I43+1, 1) ,"") -> 43 | K44: Bean Episode 36 | M44: Techsmith 358 - NotThatBright - Barfsmith
A45: 44903 | B45: Strawberry Smoothie | C45: =IFERROR(VLOOKUP(B45,'Overall Bean Summary'!A$2:B$36,2,FALSE),"") -> Good | D45: =IF(A45 <> "", IF(C45 = "Spicy", D44, IF(C45 = "Good", D44+1, 0)), "") -> 1 | E45: =IF(A45 <> "", IF(C45 = "Spicy", E44, IF(C45 = "Bad", E44+1 , 0)), "") -> 0 | F45: =IF(B45 <> "", if(B45 = B44, F44+1, 1) ,"") -> 1 | G45: =IF(C45 <> "", IF(DAY(A44) = DAY(A45), G44+1, 1) ,"") -> 1 | H45: =IF(C45 <> "", IF(MONTH(A44) = MONTH(A45), H44+1, 1) ,"") -> 11 | I45: =IF(C45 <> "", IF(YEAR(A44) = YEAR(A45), I44+1, 1) ,"") -> 44 | K45: Bean Episode 37
A46: 44903 | B46: Stink Bug | C46: =IFERROR(VLOOKUP(B46,'Overall Bean Summary'!A$2:B$36,2,FALSE),"") -> Bad | D46: =IF(A46 <> "", IF(C46 = "Spicy", D45, IF(C46 = "Good", D45+1, 0)), "") -> 0 | E46: =IF(A46 <> "", IF(C46 = "Spicy", E45, IF(C46 = "Bad", E45+1 , 0)), "") -> 1 | F46: =IF(B46 <> "", if(B46 = B45, F45+1, 1) ,"") -> 1 | G46: =IF(C46 <> "", IF(DAY(A45) = DAY(A46), G45+1, 1) ,"") -> 2 | H46: =IF(C46 <> "", IF(MONTH(A45) = MONTH(A46), H45+1, 1) ,"") -> 12 | I46: =IF(C46 <> "", IF(YEAR(A45) = YEAR(A46), I45+1, 1) ,"") -> 45 | K46: Bean Episode 38
A47: 44904 | B47: Strawberry Smoothie | C47: =IFERROR(VLOOKUP(B47,'Overall Bean Summary'!A$2:B$36,2,FALSE),"") -> Good | D47: =IF(A47 <> "", IF(C47 = "Spicy", D46, IF(C47 = "Good", D46+1, 0)), "") -> 1 | E47: =IF(A47 <> "", IF(C47 = "Spicy", E46, IF(C47 = "Bad", E46+1 , 0)), "") -> 0 | F47: =IF(B47 <> "", if(B47 = B46, F46+1, 1) ,"") -> 1 | G47: =IF(C47 <> "", IF(DAY(A46) = DAY(A47), G46+1, 1) ,"") -> 1 | H47: =IF(C47 <> "", IF(MONTH(A46) = MONTH(A47), H46+1, 1) ,"") -> 13 | I47: =IF(C47 <> "", IF(YEAR(A46) = YEAR(A47), I46+1, 1) ,"") -> 46 | K47: Bean Episode 39
A48: 44907 | B48: Buttered Popcorn | C48: =IFERROR(VLOOKUP(B48,'Overall Bean Summary'!A$2:B$36,2,FALSE),"") -> Good | D48: =IF(A48 <> "", IF(C48 = "Spicy", D47, IF(C48 = "Good", D47+1, 0)), "") -> 2 | E48: =IF(A48 <> "", IF(C48 = "Spicy", E47, IF(C48 = "Bad", E47+1 , 0)), "") -> 0 | F48: =IF(B48 <> "", if(B48 = B47, F47+1, 1) ,"") -> 1 | G48: =IF(C48 <> "", IF(DAY(A47) = DAY(A48), G47+1, 1) ,"") -> 1 | H48: =IF(C48 <> "", IF(MONTH(A47) = MONTH(A48), H47+1, 1) ,"") -> 14 | I48: =IF(C48 <> "", IF(YEAR(A47) = YEAR(A48), I47+1, 1) ,"") -> 47 | K48: Bean Episode 40
A49: 44908 | B49: Barf | C49: =IFERROR(VLOOKUP(B49,'Overall Bean Summary'!A$2:B$36,2,FALSE),"") -> Bad | D49: =IF(A49 <> "", IF(C49 = "Spicy", D48, IF(C49 = "Good", D48+1, 0)), "") -> 0 | E49: =IF(A49 <> "", IF(C49 = "Spicy", E48, IF(C49 = "Bad", E48+1 , 0)), "") -> 1 | F49: =IF(B49 <> "", if(B49 = B48, F48+1, 1) ,"") -> 1 | G49: =IF(C49 <> "", IF(DAY(A48) = DAY(A49), G48+1, 1) ,"") -> 1 | H49: =IF(C49 <> "", IF(MONTH(A48) = MONTH(A49), H48+1, 1) ,"") -> 15 | I49: =IF(C49 <> "", IF(YEAR(A48) = YEAR(A49), I48+1, 1) ,"") -> 48 | K49: Bean Episode 41
A50: 44908 | B50: Stinky Socks | C50: =IFERROR(VLOOKUP(B50,'Overall Bean Summary'!A$2:B$36,2,FALSE),"") -> Bad | D50: =IF(A50 <> "", IF(C50 = "Spicy", D49, IF(C50 = "Good", D49+1, 0)), "") -> 0 | E50: =IF(A50 <> "", IF(C50 = "Spicy", E49, IF(C50 = "Bad", E49+1 , 0)), "") -> 2 | F50: =IF(B50 <> "", if(B50 = B49, F49+1, 1) ,"") -> 1 | G50: =IF(C50 <> "", IF(DAY(A49) = DAY(A50), G49+1, 1) ,"") -> 2 | H50: =IF(C50 <> "", IF(MONTH(A49) = MONTH(A50), H49+1, 1) ,"") -> 16 | I50: =IF(C50 <> "", IF(YEAR(A49) = YEAR(A50), I49+1, 1) ,"") -> 49 | K50: Bean Episode 41
A51: 44909 | B51: Dirty Dishwater | C51: =IFERROR(VLOOKUP(B51,'Overall Bean Summary'!A$2:B$36,2,FALSE),"") -> Bad | D51: =IF(A51 <> "", IF(C51 = "Spicy", D50, IF(C51 = "Good", D50+1, 0)), "") -> 0 | E51: =IF(A51 <> "", IF(C51 = "Spicy", E50, IF(C51 = "Bad", E50+1 , 0)), "") -> 3 | F51: =IF(B51 <> "", if(B51 = B50, F50+1, 1) ,"") -> 1 | G51: =IF(C51 <> "", IF(DAY(A50) = DAY(A51), G50+1, 1) ,"") -> 1 | H51: =IF(C51 <> "", IF(MONTH(A50) = MONTH(A51), H50+1, 1) ,"") -> 17 | I51: =IF(C51 <> "", IF(YEAR(A50) = YEAR(A51), I50+1, 1) ,"") -> 50 | K51: Bean Episode 42
A52: 44909 | B52: Birthday Cake | C52: =IFERROR(VLOOKUP(B52,'Overall Bean Summary'!A$2:B$36,2,FALSE),"") -> Good | D52: =IF(A52 <> "", IF(C52 = "Spicy", D51, IF(C52 = "Good", D51+1, 0)), "") -> 1 | E52: =IF(A52 <> "", IF(C52 = "Spicy", E51, IF(C52 = "Bad", E51+1 , 0)), "") -> 0 | F52: =IF(B52 <> "", if(B52 = B51, F51+1, 1) ,"") -> 1 | G52: =IF(C52 <> "", IF(DAY(A51) = DAY(A52), G51+1, 1) ,"") -> 2 | H52: =IF(C52 <> "", IF(MONTH(A51) = MONTH(A52), H51+1, 1) ,"") -> 18 | I52: =IF(C52 <> "", IF(YEAR(A51) = YEAR(A52), I51+1, 1) ,"") -> 51 | K52: Bean Episode 42
A53: 44909 | B53: Dirty Dishwater | C53: =IFERROR(VLOOKUP(B53,'Overall Bean Summary'!A$2:B$36,2,FALSE),"") -> Bad | D53: =IF(A53 <> "", IF(C53 = "Spicy", D52, IF(C53 = "Good", D52+1, 0)), "") -> 0 | E53: =IF(A53 <> "", IF(C53 = "Spicy", E52, IF(C53 = "Bad", E52+1 , 0)), "") -> 1 | F53: =IF(B53 <> "", if(B53 = B52, F52+1, 1) ,"") -> 1 | G53: =IF(C53 <> "", IF(DAY(A52) = DAY(A53), G52+1, 1) ,"") -> 3 | H53: =IF(C53 <> "", IF(MONTH(A52) = MONTH(A53), H52+1, 1) ,"") -> 19 | I53: =IF(C53 <> "", IF(YEAR(A52) = YEAR(A53), I52+1, 1) ,"") -> 52 | K53: Bean Episode 42
A54: 44910 | B54: Barf | C54: =IFERROR(VLOOKUP(B54,'Overall Bean Summary'!A$2:B$36,2,FALSE),"") -> Bad | D54: =IF(A54 <> "", IF(C54 = "Spicy", D53, IF(C54 = "Good", D53+1, 0)), "") -> 0 | E54: =IF(A54 <> "", IF(C54 = "Spicy", E53, IF(C54 = "Bad", E53+1 , 0)), "") -> 2 | F54: =IF(B54 <> "", if(B54 = B53, F53+1, 1) ,"") -> 1 | G54: =IF(C54 <> "", IF(DAY(A53) = DAY(A54), G53+1, 1) ,"") -> 1 | H54: =IF(C54 <> "", IF(MONTH(A53) = MONTH(A54), H53+1, 1) ,"") -> 20 | I54: =IF(C54 <> "", IF(YEAR(A53) = YEAR(A54), I53+1, 1) ,"") -> 53 | K54: Bean Episode 43
A55: 44911 | B55: Strawberry Smoothie | C55: =IFERROR(VLOOKUP(B55,'Overall Bean Summary'!A$2:B$36,2,FALSE),"") -> Good | D55: =IF(A55 <> "", IF(C55 = "Spicy", D54, IF(C55 = "Good", D54+1, 0)), "") -> 1 | E55: =IF(A55 <> "", IF(C55 = "Spicy", E54, IF(C55 = "Bad", E54+1 , 0)), "") -> 0 | F55: =IF(B55 <> "", if(B55 = B54, F54+1, 1) ,"") -> 1 | G55: =IF(C55 <> "", IF(DAY(A54) = DAY(A55), G54+1, 1) ,"") -> 1 | H55: =IF(C55 <> "", IF(MONTH(A54) = MONTH(A55), H54+1, 1) ,"") -> 21 | I55: =IF(C55 <> "", IF(YEAR(A54) = YEAR(A55), I54+1, 1) ,"") -> 54 | K55: Bean Episode 44
A56: 44914 | B56: Stinky Socks | C56: =IFERROR(VLOOKUP(B56,'Overall Bean Summary'!A$2:B$36,2,FALSE),"") -> Bad | D56: =IF(A56 <> "", IF(C56 = "Spicy", D55, IF(C56 = "Good", D55+1, 0)), "") -> 0 | E56: =IF(A56 <> "", IF(C56 = "Spicy", E55, IF(C56 = "Bad", E55+1 , 0)), "") -> 1 | F56: =IF(B56 <> "", if(B56 = B55, F55+1, 1) ,"") -> 1 | G56: =IF(C56 <> "", IF(DAY(A55) = DAY(A56), G55+1, 1) ,"") -> 1 | H56: =IF(C56 <> "", IF(MONTH(A55) = MONTH(A56), H55+1, 1) ,"") -> 22 | I56: =IF(C56 <> "", IF(YEAR(A55) = YEAR(A56), I55+1, 1) ,"") -> 55 | K56: Bean Episode 45
... A63: 44915 | B63: Stink Bug | C63: =IFERROR(VLOOKUP(B63,'Overall Bean Summary'!A$2:B$36,2,FALSE),"") -> Bad | D63: =IF(A63 <> "", IF(C63 = "Spicy", D62, IF(C63 = "Good", D62+1, 0)), "") -> 0 | E63: =IF(A63 <> "", IF(C63 = "Spicy", E62, IF(C63 = "Bad", E62+1 , 0)), "") -> 8 | F63: =IF(B63 <> "", if(B63 = B62, F62+1, 1) ,"") -> 7 | G63: =IF(C63 <> "", IF(DAY(A62) = DAY(A63), G62+1, 1) ,"") -> 7 | H63: =IF(C63 <> "", IF(MONTH(A62) = MONTH(A63), H62+1, 1) ,"") -> 29 | I63: =IF(C63 <> "", IF(YEAR(A62) = YEAR(A63), I62+1, 1) ,"") -> 62 | K63: Bean Episode 46
A64: 44915 | B64: Jalapeño | C64: =IFERROR(VLOOKUP(B64,'Overall Bean Summary'!A$2:B$36,2,FALSE),"") -> Spicy | D64: =IF(A64 <> "", IF(C64 = "Spicy", D63, IF(C64 = "Good", D63+1, 0)), "") -> 0 | E64: =IF(A64 <> "", IF(C64 = "Spicy", E63, IF(C64 = "Bad", E63+1 , 0)), "") -> 8 | F64: =IF(B64 <> "", if(B64 = B63, F63+1, 1) ,"") -> 1 | G64: =IF(C64 <> "", IF(DAY(A63) = DAY(A64), G63+1, 1) ,"") -> 8 | H64: =IF(C64 <> "", IF(MONTH(A63) = MONTH(A64), H63+1, 1) ,"") -> 30 | I64: =IF(C64 <> "", IF(YEAR(A63) = YEAR(A64), I63+1, 1) ,"") -> 63 | K64: (offstream) | M64: Kay Bean - Jalapeno
A65: 44916 | B65: Cayenne | C65: =IFERROR(VLOOKUP(B65,'Overall Bean Summary'!A$2:B$36,2,FALSE),"") -> Spicy | D65: =IF(A65 <> "", IF(C65 = "Spicy", D64, IF(C65 = "Good", D64+1, 0)), "") -> 0 | E65: =IF(A65 <> "", IF(C65 = "Spicy", E64, IF(C65 = "Bad", E64+1 , 0)), "") -> 8 | F65: =IF(B65 <> "", if(B65 = B64, F64+1, 1) ,"") -> 1 | G65: =IF(C65 <> "", IF(DAY(A64) = DAY(A65), G64+1, 1) ,"") -> 1 | H65: =IF(C65 <> "", IF(MONTH(A64) = MONTH(A65), H64+1, 1) ,"") -> 31 | I65: =IF(C65 <> "", IF(YEAR(A64) = YEAR(A65), I64+1, 1) ,"") -> 64 | K65: Bean Episode 47
A66: 44916 | B66: Habanero | C66: =IFERROR(VLOOKUP(B66,'Overall Bean Summary'!A$2:B$36,2,FALSE),"") -> Spicy | D66: =IF(A66 <> "", IF(C66 = "Spicy", D65, IF(C66 = "Good", D65+1, 0)), "") -> 0 | E66: =IF(A66 <> "", IF(C66 = "Spicy", E65, IF(C66 = "Bad", E65+1 , 0)), "") -> 8 | F66: =IF(B66 <> "", if(B66 = B65, F65+1, 1) ,"") -> 1 | G66: =IF(C66 <> "", IF(DAY(A65) = DAY(A66), G65+1, 1) ,"") -> 2 | H66: =IF(C66 <> "", IF(MONTH(A65) = MONTH(A66), H65+1, 1) ,"") -> 32 | I66: =IF(C66 <> "", IF(YEAR(A65) = YEAR(A66), I65+1, 1) ,"") -> 65 | K66: Bean Episode 47
A67: 44916 | B67: Carolina Reaper | C67: =IFERROR(VLOOKUP(B67,'Overall Bean Summary'!A$2:B$36,2,FALSE),"") -> Spicy | D67: =IF(A67 <> "", IF(C67 = "Spicy", D66, IF(C67 = "Good", D66+1, 0)), "") -> 0 | E67: =IF(A67 <> "", IF(C67 = "Spicy", E66, IF(C67 = "Bad", E66+1 , 0)), "") -> 8 | F67: =IF(B67 <> "", if(B67 = B66, F66+1, 1) ,"") -> 1 | G67: =IF(C67 <> "", IF(DAY(A66) = DAY(A67), G66+1, 1) ,"") -> 3 | H67: =IF(C67 <> "", IF(MONTH(A66) = MONTH(A67), H66+1, 1) ,"") -> 33 | I67: =IF(C67 <> "", IF(YEAR(A66) = YEAR(A67), I66+1, 1) ,"") -> 66 | K67: Bean Episode 47
A68: 44917 | B68: Booger | C68: =IFERROR(VLOOKUP(B68,'Overall Bean Summary'!A$2:B$36,2,FALSE),"") -> Bad | D68: =IF(A68 <> "", IF(C68 = "Spicy", D67, IF(C68 = "Good", D67+1, 0)), "") -> 0 | E68: =IF(A68 <> "", IF(C68 = "Spicy", E67, IF(C68 = "Bad", E67+1 , 0)), "") -> 9 | F68: =IF(B68 <> "", if(B68 = B67, F67+1, 1) ,"") -> 1 | G68: =IF(C68 <> "", IF(DAY(A67) = DAY(A68), G67+1, 1) ,"") -> 1 | H68: =IF(C68 <> "", IF(MONTH(A67) = MONTH(A68), H67+1, 1) ,"") -> 34 | I68: =IF(C68 <> "", IF(YEAR(A67) = YEAR(A68), I67+1, 1) ,"") -> 67 | K68: Bean Episode 48
A69: 44918 | B69: Carolina Reaper | C69: =IFERROR(VLOOKUP(B69,'Overall Bean Summary'!A$2:B$36,2,FALSE),"") -> Spicy | D69: =IF(A69 <> "", IF(C69 = "Spicy", D68, IF(C69 = "Good", D68+1, 0)), "") -> 0 | E69: =IF(A69 <> "", IF(C69 = "Spicy", E68, IF(C69 = "Bad", E68+1 , 0)), "") -> 9 | F69: =IF(B69 <> "", if(B69 = B68, F68+1, 1) ,"") -> 1 | G69: =IF(C69 <> "", IF(DAY(A68) = DAY(A69), G68+1, 1) ,"") -> 1 | H69: =IF(C69 <> "", IF(MONTH(A68) = MONTH(A69), H68+1, 1) ,"") -> 35 | I69: =IF(C69 <> "", IF(YEAR(A68) = YEAR(A69), I68+1, 1) ,"") -> 68 | K69: Bean Episode 49
A70: 44920 | B70: Dead Fish (Rotten) | C70: =IFERROR(VLOOKUP(B70,'Overall Bean Summary'!A$2:B$36,2,FALSE),"") -> Bad | D70: =IF(A70 <> "", IF(C70 = "Spicy", D69, IF(C70 = "Good", D69+1, 0)), "") -> 0 | E70: =IF(A70 <> "", IF(C70 = "Spicy", E69, IF(C70 = "Bad", E69+1 , 0)), "") -> 10 | F70: =IF(B70 <> "", if(B70 = B69, F69+1, 1) ,"") -> 1 | G70: =IF(C70 <> "", IF(DAY(A69) = DAY(A70), G69+1, 1) ,"") -> 1 | H70: =IF(C70 <> "", IF(MONTH(A69) = MONTH(A70), H69+1, 1) ,"") -> 36 | I70: =IF(C70 <> "", IF(YEAR(A69) = YEAR(A70), I69+1, 1) ,"") -> 69 | K70: Bean Episode 50
A71: 44929 | B71: Dirty Dishwater | C71: =IFERROR(VLOOKUP(B71,'Overall Bean Summary'!A$2:B$36,2,FALSE),"") -> Bad | D71: =IF(A71 <> "", IF(C71 = "Spicy", D70, IF(C71 = "Good", D70+1, 0)), "") -> 0 | E71: =IF(A71 <> "", IF(C71 = "Spicy", E70, IF(C71 = "Bad", E70+1 , 0)), "") -> 11 | F71: =IF(B71 <> "", if(B71 = B70, F70+1, 1) ,"") -> 1 | G71: =IF(C71 <> "", IF(DAY(A70) = DAY(A71), G70+1, 1) ,"") -> 1 | H71: =IF(C71 <> "", IF(MONTH(A70) = MONTH(A71), H70+1, 1) ,"") -> 1 | I71: =IF(C71 <> "", IF(YEAR(A70) = YEAR(A71), I70+1, 1) ,"") -> 1 | K71: S2:E1
A72: 44929 | B72: Dirty Dishwater | C72: =IFERROR(VLOOKUP(B72,'Overall Bean Summary'!A$2:B$36,2,FALSE),"") -> Bad | D72: =IF(A72 <> "", IF(C72 = "Spicy", D71, IF(C72 = "Good", D71+1, 0)), "") -> 0 | E72: =IF(A72 <> "", IF(C72 = "Spicy", E71, IF(C72 = "Bad", E71+1 , 0)), "") -> 12 | F72: =IF(B72 <> "", if(B72 = B71, F71+1, 1) ,"") -> 2 | G72: =IF(C72 <> "", IF(DAY(A71) = DAY(A72), G71+1, 1) ,"") -> 2 | H72: =IF(C72 <> "", IF(MONTH(A71) = MONTH(A72), H71+1, 1) ,"") -> 2 | I72: =IF(C72 <> "", IF(YEAR(A71) = YEAR(A72), I71+1, 1) ,"") -> 2 | K72: S2:E1
A73: 44929 | B73: Dirty Dishwater | C73: =IFERROR(VLOOKUP(B73,'Overall Bean Summary'!A$2:B$36,2,FALSE),"") -> Bad | D73: =IF(A73 <> "", IF(C73 = "Spicy", D72, IF(C73 = "Good", D72+1, 0)), "") -> 0 | E73: =IF(A73 <> "", IF(C73 = "Spicy", E72, IF(C73 = "Bad", E72+1 , 0)), "") -> 13 | F73: =IF(B73 <> "", if(B73 = B72, F72+1, 1) ,"") -> 3 | G73: =IF(C73 <> "", IF(DAY(A72) = DAY(A73), G72+1, 1) ,"") -> 3 | H73: =IF(C73 <> "", IF(MONTH(A72) = MONTH(A73), H72+1, 1) ,"") -> 3 | I73: =IF(C73 <> "", IF(YEAR(A72) = YEAR(A73), I72+1, 1) ,"") -> 3 | K73: S2:E1
A74: 44930 | B74: Carolina Reaper | C74: =IFERROR(VLOOKUP(B74,'Overall Bean Summary'!A$2:B$36,2,FALSE),"") -> Spicy | D74: =IF(A74 <> "", IF(C74 = "Spicy", D73, IF(C74 = "Good", D73+1, 0)), "") -> 0 | E74: =IF(A74 <> "", IF(C74 = "Spicy", E73, IF(C74 = "Bad", E73+1 , 0)), "") -> 13 | F74: =IF(B74 <> "", if(B74 = B73, F73+1, 1) ,"") -> 1 | G74: =IF(C74 <> "", IF(DAY(A73) = DAY(A74), G73+1, 1) ,"") -> 1 | H74: =IF(C74 <> "", IF(MONTH(A73) = MONTH(A74), H73+1, 1) ,"") -> 4 | I74: =IF(C74 <> "", IF(YEAR(A73) = YEAR(A74), I73+1, 1) ,"") -> 4 | K74: S2:E2
A75: 44931 | B75: Booger | C75: =IFERROR(VLOOKUP(B75,'Overall Bean Summary'!A$2:B$36,2,FALSE),"") -> Bad | D75: =IF(A75 <> "", IF(C75 = "Spicy", D74, IF(C75 = "Good", D74+1, 0)), "") -> 0 | E75: =IF(A75 <> "", IF(C75 = "Spicy", E74, IF(C75 = "Bad", E74+1 , 0)), "") -> 14 | F75: =IF(B75 <> "", if(B75 = B74, F74+1, 1) ,"") -> 1 | G75: =IF(C75 <> "", IF(DAY(A74) = DAY(A75), G74+1, 1) ,"") -> 1 | H75: =IF(C75 <> "", IF(MONTH(A74) = MONTH(A75), H74+1, 1) ,"") -> 5 | I75: =IF(C75 <> "", IF(YEAR(A74) = YEAR(A75), I74+1, 1) ,"") -> 5 | K75: S2:E3
A76: 44931 | B76: Booger | C76: =IFERROR(VLOOKUP(B76,'Overall Bean Summary'!A$2:B$36,2,FALSE),"") -> Bad | D76: =IF(A76 <> "", IF(C76 = "Spicy", D75, IF(C76 = "Good", D75+1, 0)), "") -> 0 | E76: =IF(A76 <> "", IF(C76 = "Spicy", E75, IF(C76 = "Bad", E75+1 , 0)), "") -> 15 | F76: =IF(B76 <> "", if(B76 = B75, F75+1, 1) ,"") -> 2 | G76: =IF(C76 <> "", IF(DAY(A75) = DAY(A76), G75+1, 1) ,"") -> 2 | H76: =IF(C76 <> "", IF(MONTH(A75) = MONTH(A76), H75+1, 1) ,"") -> 6 | I76: =IF(C76 <> "", IF(YEAR(A75) = YEAR(A76), I75+1, 1) ,"") -> 6 | K76: S2:E3
... A92: 44945 | B92: Dirty Dishwater | C92: =IFERROR(VLOOKUP(B92,'Overall Bean Summary'!A$2:B$36,2,FALSE),"") -> Bad | D92: =IF(A92 <> "", IF(C92 = "Spicy", D91, IF(C92 = "Good", D91+1, 0)), "") -> 0 | E92: =IF(A92 <> "", IF(C92 = "Spicy", E91, IF(C92 = "Bad", E91+1 , 0)), "") -> 7 | F92: =IF(B92 <> "", if(B92 = B91, F91+1, 1) ,"") -> 2 | G92: =IF(C92 <> "", IF(DAY(A91) = DAY(A92), G91+1, 1) ,"") -> 1 | H92: =IF(C92 <> "", IF(MONTH(A91) = MONTH(A92), H91+1, 1) ,"") -> 22 | I92: =IF(C92 <> "", IF(YEAR(A91) = YEAR(A92), I91+1, 1) ,"") -> 22 | K92: S2:E13
A93: 44945 | B93: Buttered Popcorn | C93: =IFERROR(VLOOKUP(B93,'Overall Bean Summary'!A$2:B$36,2,FALSE),"") -> Good | D93: =IF(A93 <> "", IF(C93 = "Spicy", D92, IF(C93 = "Good", D92+1, 0)), "") -> 1 | E93: =IF(A93 <> "", IF(C93 = "Spicy", E92, IF(C93 = "Bad", E92+1 , 0)), "") -> 0 | F93: =IF(B93 <> "", if(B93 = B92, F92+1, 1) ,"") -> 1 | G93: =IF(C93 <> "", IF(DAY(A92) = DAY(A93), G92+1, 1) ,"") -> 2 | H93: =IF(C93 <> "", IF(MONTH(A92) = MONTH(A93), H92+1, 1) ,"") -> 23 | I93: =IF(C93 <> "", IF(YEAR(A92) = YEAR(A93), I92+1, 1) ,"") -> 23 | K93: S2:E14 | L93: (first $100 bean)
A94: 44945 | B94: Rotten Egg | C94: =IFERROR(VLOOKUP(B94,'Overall Bean Summary'!A$2:B$36,2,FALSE),"") -> Bad | D94: =IF(A94 <> "", IF(C94 = "Spicy", D93, IF(C94 = "Good", D93+1, 0)), "") -> 0 | E94: =IF(A94 <> "", IF(C94 = "Spicy", E93, IF(C94 = "Bad", E93+1 , 0)), "") -> 1 | F94: =IF(B94 <> "", if(B94 = B93, F93+1, 1) ,"") -> 1 | G94: =IF(C94 <> "", IF(DAY(A93) = DAY(A94), G93+1, 1) ,"") -> 3 | H94: =IF(C94 <> "", IF(MONTH(A93) = MONTH(A94), H93+1, 1) ,"") -> 24 | I94: =IF(C94 <> "", IF(YEAR(A93) = YEAR(A94), I93+1, 1) ,"") -> 24 | K94: S2:E14 | L94: ($100 bean)
A95: 44946 | B95: Dirty Dishwater | C95: =IFERROR(VLOOKUP(B95,'Overall Bean Summary'!A$2:B$36,2,FALSE),"") -> Bad | D95: =IF(A95 <> "", IF(C95 = "Spicy", D94, IF(C95 = "Good", D94+1, 0)), "") -> 0 | E95: =IF(A95 <> "", IF(C95 = "Spicy", E94, IF(C95 = "Bad", E94+1 , 0)), "") -> 2 | F95: =IF(B95 <> "", if(B95 = B94, F94+1, 1) ,"") -> 1 | G95: =IF(C95 <> "", IF(DAY(A94) = DAY(A95), G94+1, 1) ,"") -> 1 | H95: =IF(C95 <> "", IF(MONTH(A94) = MONTH(A95), H94+1, 1) ,"") -> 25 | I95: =IF(C95 <> "", IF(YEAR(A94) = YEAR(A95), I94+1, 1) ,"") -> 25 | K95: S2:E15
A96: 44949 | B96: Berry Blue | C96: =IFERROR(VLOOKUP(B96,'Overall Bean Summary'!A$2:B$36,2,FALSE),"") -> Good | D96: =IF(A96 <> "", IF(C96 = "Spicy", D95, IF(C96 = "Good", D95+1, 0)), "") -> 1 | E96: =IF(A96 <> "", IF(C96 = "Spicy", E95, IF(C96 = "Bad", E95+1 , 0)), "") -> 0 | F96: =IF(B96 <> "", if(B96 = B95, F95+1, 1) ,"") -> 1 | G96: =IF(C96 <> "", IF(DAY(A95) = DAY(A96), G95+1, 1) ,"") -> 1 | H96: =IF(C96 <> "", IF(MONTH(A95) = MONTH(A96), H95+1, 1) ,"") -> 26 | I96: =IF(C96 <> "", IF(YEAR(A95) = YEAR(A96), I95+1, 1) ,"") -> 26 | K96: S2:E16
A97: 44950 | B97: Dirty Dishwater | C97: =IFERROR(VLOOKUP(B97,'Overall Bean Summary'!A$2:B$36,2,FALSE),"") -> Bad | D97: =IF(A97 <> "", IF(C97 = "Spicy", D96, IF(C97 = "Good", D96+1, 0)), "") -> 0 | E97: =IF(A97 <> "", IF(C97 = "Spicy", E96, IF(C97 = "Bad", E96+1 , 0)), "") -> 1 | F97: =IF(B97 <> "", if(B97 = B96, F96+1, 1) ,"") -> 1 | G97: =IF(C97 <> "", IF(DAY(A96) = DAY(A97), G96+1, 1) ,"") -> 1 | H97: =IF(C97 <> "", IF(MONTH(A96) = MONTH(A97), H96+1, 1) ,"") -> 27 | I97: =IF(C97 <> "", IF(YEAR(A96) = YEAR(A97), I96+1, 1) ,"") -> 27 | K97: S2:E17
A98: 44950 | B98: Dirty Dishwater | C98: =IFERROR(VLOOKUP(B98,'Overall Bean Summary'!A$2:B$36,2,FALSE),"") -> Bad | D98: =IF(A98 <> "", IF(C98 = "Spicy", D97, IF(C98 = "Good", D97+1, 0)), "") -> 0 | E98: =IF(A98 <> "", IF(C98 = "Spicy", E97, IF(C98 = "Bad", E97+1 , 0)), "") -> 2 | F98: =IF(B98 <> "", if(B98 = B97, F97+1, 1) ,"") -> 2 | G98: =IF(C98 <> "", IF(DAY(A97) = DAY(A98), G97+1, 1) ,"") -> 2 | H98: =IF(C98 <> "", IF(MONTH(A97) = MONTH(A98), H97+1, 1) ,"") -> 28 | I98: =IF(C98 <> "", IF(YEAR(A97) = YEAR(A98), I97+1, 1) ,"") -> 28 | K98: S2:E17
A99: 44950 | B99: Birthday Cake | C99: =IFERROR(VLOOKUP(B99,'Overall Bean Summary'!A$2:B$36,2,FALSE),"") -> Good | D99: =IF(A99 <> "", IF(C99 = "Spicy", D98, IF(C99 = "Good", D98+1, 0)), "") -> 1 | E99: =IF(A99 <> "", IF(C99 = "Spicy", E98, IF(C99 = "Bad", E98+1 , 0)), "") -> 0 | F99: =IF(B99 <> "", if(B99 = B98, F98+1, 1) ,"") -> 1 | G99: =IF(C99 <> "", IF(DAY(A98) = DAY(A99), G98+1, 1) ,"") -> 3 | H99: =IF(C99 <> "", IF(MONTH(A98) = MONTH(A99), H98+1, 1) ,"") -> 29 | I99: =IF(C99 <> "", IF(YEAR(A98) = YEAR(A99), I98+1, 1) ,"") -> 29 | K99: S2:E17
A100: 44950 | B100: Stinky Socks | C100: =IFERROR(VLOOKUP(B100,'Overall Bean Summary'!A$2:B$36,2,FALSE),"") -> Bad | D100: =IF(A100 <> "", IF(C100 = "Spicy", D99, IF(C100 = "Good", D99+1, 0)), "") -> 0 | E100: =IF(A100 <> "", IF(C100 = "Spicy", E99, IF(C100 = "Bad", E99+1 , 0)), "") -> 1 | F100: =IF(B100 <> "", if(B100 = B99, F99+1, 1) ,"") -> 1 | G100: =IF(C100 <> "", IF(DAY(A99) = DAY(A100), G99+1, 1) ,"") -> 4 | H100: =IF(C100 <> "", IF(MONTH(A99) = MONTH(A100), H99+1, 1) ,"") -> 30 | I100: =IF(C100 <> "", IF(YEAR(A99) = YEAR(A100), I99+1, 1) ,"") -> 30 | K100: S2:E17
A101: 44951 | B101: Dirty Dishwater | C101: =IFERROR(VLOOKUP(B101,'Overall Bean Summary'!A$2:B$36,2,FALSE),"") -> Bad | D101: =IF(A101 <> "", IF(C101 = "Spicy", D100, IF(C101 = "Good", D100+1, 0)), "") -> 0 | E101: =IF(A101 <> "", IF(C101 = "Spicy", E100, IF(C101 = "Bad", E100+1 , 0)), "") -> 2 | F101: =IF(B101 <> "", if(B101 = B100, F100+1, 1) ,"") -> 1 | G101: =IF(C101 <> "", IF(DAY(A100) = DAY(A101), G100+1, 1) ,"") -> 1 | H101: =IF(C101 <> "", IF(MONTH(A100) = MONTH(A101), H100+1, 1) ,"") -> 31 | I101: =IF(C101 <> "", IF(YEAR(A100) = YEAR(A101), I100+1, 1) ,"") -> 31 | K101: S2:E18
A102: 44951 | B102: Dirty Dishwater | C102: =IFERROR(VLOOKUP(B102,'Overall Bean Summary'!A$2:B$36,2,FALSE),"") -> Bad | D102: =IF(A102 <> "", IF(C102 = "Spicy", D101, IF(C102 = "Good", D101+1, 0)), "") -> 0 | E102: =IF(A102 <> "", IF(C102 = "Spicy", E101, IF(C102 = "Bad", E101+1 , 0)), "") -> 3 | F102: =IF(B102 <> "", if(B102 = B101, F101+1, 1) ,"") -> 2 | G102: =IF(C102 <> "", IF(DAY(A101) = DAY(A102), G101+1, 1) ,"") -> 2 | H102: =IF(C102 <> "", IF(MONTH(A101) = MONTH(A102), H101+1, 1) ,"") -> 32 | I102: =IF(C102 <> "", IF(YEAR(A101) = YEAR(A102), I101+1, 1) ,"") -> 32 | K102: S2:E18
A103: 44951 | B103: Dirty Dishwater | C103: =IFERROR(VLOOKUP(B103,'Overall Bean Summary'!A$2:B$36,2,FALSE),"") -> Bad | D103: =IF(A103 <> "", IF(C103 = "Spicy", D102, IF(C103 = "Good", D102+1, 0)), "") -> 0 | E103: =IF(A103 <> "", IF(C103 = "Spicy", E102, IF(C103 = "Bad", E102+1 , 0)), "") -> 4 | F103: =IF(B103 <> "", if(B103 = B102, F102+1, 1) ,"") -> 3 | G103: =IF(C103 <> "", IF(DAY(A102) = DAY(A103), G102+1, 1) ,"") -> 3 | H103: =IF(C103 <> "", IF(MONTH(A102) = MONTH(A103), H102+1, 1) ,"") -> 33 | I103: =IF(C103 <> "", IF(YEAR(A102) = YEAR(A103), I102+1, 1) ,"") -> 33 | K103: S2:E18
A104: 44951 | B104: Dirty Dishwater | C104: =IFERROR(VLOOKUP(B104,'Overall Bean Summary'!A$2:B$36,2,FALSE),"") -> Bad | D104: =IF(A104 <> "", IF(C104 = "Spicy", D103, IF(C104 = "Good", D103+1, 0)), "") -> 0 | E104: =IF(A104 <> "", IF(C104 = "Spicy", E103, IF(C104 = "Bad", E103+1 , 0)), "") -> 5 | F104: =IF(B104 <> "", if(B104 = B103, F103+1, 1) ,"") -> 4 | G104: =IF(C104 <> "", IF(DAY(A103) = DAY(A104), G103+1, 1) ,"") -> 4 | H104: =IF(C104 <> "", IF(MONTH(A103) = MONTH(A104), H103+1, 1) ,"") -> 34 | I104: =IF(C104 <> "", IF(YEAR(A103) = YEAR(A104), I103+1, 1) ,"") -> 34 | K104: S2:E18
A105: 44951 | B105: Dirty Dishwater | C105: =IFERROR(VLOOKUP(B105,'Overall Bean Summary'!A$2:B$36,2,FALSE),"") -> Bad | D105: =IF(A105 <> "", IF(C105 = "Spicy", D104, IF(C105 = "Good", D104+1, 0)), "") -> 0 | E105: =IF(A105 <> "", IF(C105 = "Spicy", E104, IF(C105 = "Bad", E104+1 , 0)), "") -> 6 | F105: =IF(B105 <> "", if(B105 = B104, F104+1, 1) ,"") -> 5 | G105: =IF(C105 <> "", IF(DAY(A104) = DAY(A105), G104+1, 1) ,"") -> 5 | H105: =IF(C105 <> "", IF(MONTH(A104) = MONTH(A105), H104+1, 1) ,"") -> 35 | I105: =IF(C105 <> "", IF(YEAR(A104) = YEAR(A105), I104+1, 1) ,"") -> 35 | K105: S2:E18
A106: 44951 | B106: Birthday Cake | C106: =IFERROR(VLOOKUP(B106,'Overall Bean Summary'!A$2:B$36,2,FALSE),"") -> Good | D106: =IF(A106 <> "", IF(C106 = "Spicy", D105, IF(C106 = "Good", D105+1, 0)), "") -> 1 | E106: =IF(A106 <> "", IF(C106 = "Spicy", E105, IF(C106 = "Bad", E105+1 , 0)), "") -> 0 | F106: =IF(B106 <> "", if(B106 = B105, F105+1, 1) ,"") -> 1 | G106: =IF(C106 <> "", IF(DAY(A105) = DAY(A106), G105+1, 1) ,"") -> 6 | H106: =IF(C106 <> "", IF(MONTH(A105) = MONTH(A106), H105+1, 1) ,"") -> 36 | I106: =IF(C106 <> "", IF(YEAR(A105) = YEAR(A106), I105+1, 1) ,"") -> 36 | K106: S2:E18
... A112: 44957 | B112: Buttered Popcorn | C112: =IFERROR(VLOOKUP(B112,'Overall Bean Summary'!A$2:B$36,2,FALSE),"") -> Good | D112: =IF(A112 <> "", IF(C112 = "Spicy", D111, IF(C112 = "Good", D111+1, 0)), "") -> 1 | E112: =IF(A112 <> "", IF(C112 = "Spicy", E111, IF(C112 = "Bad", E111+1 , 0)), "") -> 0 | F112: =IF(B112 <> "", if(B112 = B111, F111+1, 1) ,"") -> 1 | G112: =IF(C112 <> "", IF(DAY(A111) = DAY(A112), G111+1, 1) ,"") -> 5 | H112: =IF(C112 <> "", IF(MONTH(A111) = MONTH(A112), H111+1, 1) ,"") -> 42 | I112: =IF(C112 <> "", IF(YEAR(A111) = YEAR(A112), I111+1, 1) ,"") -> 42 | K112: S2:E20
A113: 44957 | B113: Strawberry Smoothie | C113: =IFERROR(VLOOKUP(B113,'Overall Bean Summary'!A$2:B$36,2,FALSE),"") -> Good | D113: =IF(A113 <> "", IF(C113 = "Spicy", D112, IF(C113 = "Good", D112+1, 0)), "") -> 2 | E113: =IF(A113 <> "", IF(C113 = "Spicy", E112, IF(C113 = "Bad", E112+1 , 0)), "") -> 0 | F113: =IF(B113 <> "", if(B113 = B112, F112+1, 1) ,"") -> 1 | G113: =IF(C113 <> "", IF(DAY(A112) = DAY(A113), G112+1, 1) ,"") -> 6 | H113: =IF(C113 <> "", IF(MONTH(A112) = MONTH(A113), H112+1, 1) ,"") -> 43 | I113: =IF(C113 <> "", IF(YEAR(A112) = YEAR(A113), I112+1, 1) ,"") -> 43 | K113: S2:E20 | M113: Good | N113: Bad | O113: Good | P113: Bad
A114: 44986 | B114: Dog Food | C114: =IFERROR(VLOOKUP(B114,'Overall Bean Summary'!A$2:B$36,2,FALSE),"") -> Bad | D114: =IF(A114 <> "", IF(C114 = "Spicy", D113, IF(C114 = "Good", D113+1, 0)), "") -> 0 | E114: =IF(A114 <> "", IF(C114 = "Spicy", E113, IF(C114 = "Bad", E113+1 , 0)), "") -> 1 | F114: =IF(B114 <> "", if(B114 = B113, F113+1, 1) ,"") -> 1 | G114: =IF(C114 <> "", IF(DAY(A113) = DAY(A114), G113+1, 1) ,"") -> 1 | H114: =IF(C114 <> "", IF(MONTH(A113) = MONTH(A114), H113+1, 1) ,"") -> 1 | I114: =IF(C114 <> "", IF(YEAR(A113) = YEAR(A114), I113+1, 1) ,"") -> 44 | K114: S2:E21 | L114: NEW BOX! | M114: =COUNTIF(C114:C213, "Good") -> 19 | N114: =COUNTIF(C114:C213, "Bad")+1 -> 62 | O114: =M114/(M114+N114) -> 0.2345679 | P114: =N114/(M114+N114) -> 0.7654321
A115: 44986 | B115: Barf | C115: =IFERROR(VLOOKUP(B115,'Overall Bean Summary'!A$2:B$36,2,FALSE),"") -> Bad | D115: =IF(A115 <> "", IF(C115 = "Spicy", D114, IF(C115 = "Good", D114+1, 0)), "") -> 0 | E115: =IF(A115 <> "", IF(C115 = "Spicy", E114, IF(C115 = "Bad", E114+1 , 0)), "") -> 2 | F115: =IF(B115 <> "", if(B115 = B114, F114+1, 1) ,"") -> 1 | G115: =IF(C115 <> "", IF(DAY(A114) = DAY(A115), G114+1, 1) ,"") -> 2 | H115: =IF(C115 <> "", IF(MONTH(A114) = MONTH(A115), H114+1, 1) ,"") -> 2 | I115: =IF(C115 <> "", IF(YEAR(A114) = YEAR(A115), I114+1, 1) ,"") -> 45
A116: 44986 | B116: Toothpaste | C116: =IFERROR(VLOOKUP(B116,'Overall Bean Summary'!A$2:B$36,2,FALSE),"") -> Bad | D116: =IF(A116 <> "", IF(C116 = "Spicy", D115, IF(C116 = "Good", D115+1, 0)), "") -> 0 | E116: =IF(A116 <> "", IF(C116 = "Spicy", E115, IF(C116 = "Bad", E115+1 , 0)), "") -> 3 | F116: =IF(B116 <> "", if(B116 = B115, F115+1, 1) ,"") -> 1 | G116: =IF(C116 <> "", IF(DAY(A115) = DAY(A116), G115+1, 1) ,"") -> 3 | H116: =IF(C116 <> "", IF(MONTH(A115) = MONTH(A116), H115+1, 1) ,"") -> 3 | I116: =IF(C116 <> "", IF(YEAR(A115) = YEAR(A116), I115+1, 1) ,"") -> 46
A117: 44986 | B117: Dirty Dishwater | C117: =IFERROR(VLOOKUP(B117,'Overall Bean Summary'!A$2:B$36,2,FALSE),"") -> Bad | D117: =IF(A117 <> "", IF(C117 = "Spicy", D116, IF(C117 = "Good", D116+1, 0)), "") -> 0 | E117: =IF(A117 <> "", IF(C117 = "Spicy", E116, IF(C117 = "Bad", E116+1 , 0)), "") -> 4 | F117: =IF(B117 <> "", if(B117 = B116, F116+1, 1) ,"") -> 1 | G117: =IF(C117 <> "", IF(DAY(A116) = DAY(A117), G116+1, 1) ,"") -> 4 | H117: =IF(C117 <> "", IF(MONTH(A116) = MONTH(A117), H116+1, 1) ,"") -> 4 | I117: =IF(C117 <> "", IF(YEAR(A116) = YEAR(A117), I116+1, 1) ,"") -> 47
A118: 44986 | B118: Stink Bug | C118: =IFERROR(VLOOKUP(B118,'Overall Bean Summary'!A$2:B$36,2,FALSE),"") -> Bad | D118: =IF(A118 <> "", IF(C118 = "Spicy", D117, IF(C118 = "Good", D117+1, 0)), "") -> 0 | E118: =IF(A118 <> "", IF(C118 = "Spicy", E117, IF(C118 = "Bad", E117+1 , 0)), "") -> 5 | F118: =IF(B118 <> "", if(B118 = B117, F117+1, 1) ,"") -> 1 | G118: =IF(C118 <> "", IF(DAY(A117) = DAY(A118), G117+1, 1) ,"") -> 5 | H118: =IF(C118 <> "", IF(MONTH(A117) = MONTH(A118), H117+1, 1) ,"") -> 5 | I118: =IF(C118 <> "", IF(YEAR(A117) = YEAR(A118), I117+1, 1) ,"") -> 48
A119: 44986 | B119: Dog Food | C119: =IFERROR(VLOOKUP(B119,'Overall Bean Summary'!A$2:B$36,2,FALSE),"") -> Bad | D119: =IF(A119 <> "", IF(C119 = "Spicy", D118, IF(C119 = "Good", D118+1, 0)), "") -> 0 | E119: =IF(A119 <> "", IF(C119 = "Spicy", E118, IF(C119 = "Bad", E118+1 , 0)), "") -> 6 | F119: =IF(B119 <> "", if(B119 = B118, F118+1, 1) ,"") -> 1 | G119: =IF(C119 <> "", IF(DAY(A118) = DAY(A119), G118+1, 1) ,"") -> 6 | H119: =IF(C119 <> "", IF(MONTH(A118) = MONTH(A119), H118+1, 1) ,"") -> 6 | I119: =IF(C119 <> "", IF(YEAR(A118) = YEAR(A119), I118+1, 1) ,"") -> 49
A120: 44986 | B120: Dirty Dishwater | C120: =IFERROR(VLOOKUP(B120,'Overall Bean Summary'!A$2:B$36,2,FALSE),"") -> Bad | D120: =IF(A120 <> "", IF(C120 = "Spicy", D119, IF(C120 = "Good", D119+1, 0)), "") -> 0 | E120: =IF(A120 <> "", IF(C120 = "Spicy", E119, IF(C120 = "Bad", E119+1 , 0)), "") -> 7 | F120: =IF(B120 <> "", if(B120 = B119, F119+1, 1) ,"") -> 1 | G120: =IF(C120 <> "", IF(DAY(A119) = DAY(A120), G119+1, 1) ,"") -> 7 | H120: =IF(C120 <> "", IF(MONTH(A119) = MONTH(A120), H119+1, 1) ,"") -> 7 | I120: =IF(C120 <> "", IF(YEAR(A119) = YEAR(A120), I119+1, 1) ,"") -> 50
A121: 44986 | B121: Strawberry Smoothie | C121: =IFERROR(VLOOKUP(B121,'Overall Bean Summary'!A$2:B$36,2,FALSE),"") -> Good | D121: =IF(A121 <> "", IF(C121 = "Spicy", D120, IF(C121 = "Good", D120+1, 0)), "") -> 1 | E121: =IF(A121 <> "", IF(C121 = "Spicy", E120, IF(C121 = "Bad", E120+1 , 0)), "") -> 0 | F121: =IF(B121 <> "", if(B121 = B120, F120+1, 1) ,"") -> 1 | G121: =IF(C121 <> "", IF(DAY(A120) = DAY(A121), G120+1, 1) ,"") -> 8 | H121: =IF(C121 <> "", IF(MONTH(A120) = MONTH(A121), H120+1, 1) ,"") -> 8 | I121: =IF(C121 <> "", IF(YEAR(A120) = YEAR(A121), I120+1, 1) ,"") -> 51
A122: 44986 | B122: Dirty Dishwater | C122: =IFERROR(VLOOKUP(B122,'Overall Bean Summary'!A$2:B$36,2,FALSE),"") -> Bad | D122: =IF(A122 <> "", IF(C122 = "Spicy", D121, IF(C122 = "Good", D121+1, 0)), "") -> 0 | E122: =IF(A122 <> "", IF(C122 = "Spicy", E121, IF(C122 = "Bad", E121+1 , 0)), "") -> 1 | F122: =IF(B122 <> "", if(B122 = B121, F121+1, 1) ,"") -> 1 | G122: =IF(C122 <> "", IF(DAY(A121) = DAY(A122), G121+1, 1) ,"") -> 9 | H122: =IF(C122 <> "", IF(MONTH(A121) = MONTH(A122), H121+1, 1) ,"") -> 9 | I122: =IF(C122 <> "", IF(YEAR(A121) = YEAR(A122), I121+1, 1) ,"") -> 52
A123: 44986 | B123: Booger | C123: =IFERROR(VLOOKUP(B123,'Overall Bean Summary'!A$2:B$36,2,FALSE),"") -> Bad | D123: =IF(A123 <> "", IF(C123 = "Spicy", D122, IF(C123 = "Good", D122+1, 0)), "") -> 0 | E123: =IF(A123 <> "", IF(C123 = "Spicy", E122, IF(C123 = "Bad", E122+1 , 0)), "") -> 2 | F123: =IF(B123 <> "", if(B123 = B122, F122+1, 1) ,"") -> 1 | G123: =IF(C123 <> "", IF(DAY(A122) = DAY(A123), G122+1, 1) ,"") -> 10 | H123: =IF(C123 <> "", IF(MONTH(A122) = MONTH(A123), H122+1, 1) ,"") -> 10 | I123: =IF(C123 <> "", IF(YEAR(A122) = YEAR(A123), I122+1, 1) ,"") -> 53
A124: 44986 | B124: Dirty Dishwater | C124: =IFERROR(VLOOKUP(B124,'Overall Bean Summary'!A$2:B$36,2,FALSE),"") -> Bad | D124: =IF(A124 <> "", IF(C124 = "Spicy", D123, IF(C124 = "Good", D123+1, 0)), "") -> 0 | E124: =IF(A124 <> "", IF(C124 = "Spicy", E123, IF(C124 = "Bad", E123+1 , 0)), "") -> 3 | F124: =IF(B124 <> "", if(B124 = B123, F123+1, 1) ,"") -> 1 | G124: =IF(C124 <> "", IF(DAY(A123) = DAY(A124), G123+1, 1) ,"") -> 11 | H124: =IF(C124 <> "", IF(MONTH(A123) = MONTH(A124), H123+1, 1) ,"") -> 11 | I124: =IF(C124 <> "", IF(YEAR(A123) = YEAR(A124), I123+1, 1) ,"") -> 54
A125: 44986 | B125: Stinky Socks | C125: =IFERROR(VLOOKUP(B125,'Overall Bean Summary'!A$2:B$36,2,FALSE),"") -> Bad | D125: =IF(A125 <> "", IF(C125 = "Spicy", D124, IF(C125 = "Good", D124+1, 0)), "") -> 0 | E125: =IF(A125 <> "", IF(C125 = "Spicy", E124, IF(C125 = "Bad", E124+1 , 0)), "") -> 4 | F125: =IF(B125 <> "", if(B125 = B124, F124+1, 1) ,"") -> 1 | G125: =IF(C125 <> "", IF(DAY(A124) = DAY(A125), G124+1, 1) ,"") -> 12 | H125: =IF(C125 <> "", IF(MONTH(A124) = MONTH(A125), H124+1, 1) ,"") -> 12 | I125: =IF(C125 <> "", IF(YEAR(A124) = YEAR(A125), I124+1, 1) ,"") -> 55
A126: 44986 | B126: Coconut | C126: =IFERROR(VLOOKUP(B126,'Overall Bean Summary'!A$2:B$36,2,FALSE),"") -> Good | D126: =IF(A126 <> "", IF(C126 = "Spicy", D125, IF(C126 = "Good", D125+1, 0)), "") -> 1 | E126: =IF(A126 <> "", IF(C126 = "Spicy", E125, IF(C126 = "Bad", E125+1 , 0)), "") -> 0 | F126: =IF(B126 <> "", if(B126 = B125, F125+1, 1) ,"") -> 1 | G126: =IF(C126 <> "", IF(DAY(A125) = DAY(A126), G125+1, 1) ,"") -> 13 | H126: =IF(C126 <> "", IF(MONTH(A125) = MONTH(A126), H125+1, 1) ,"") -> 13 | I126: =IF(C126 <> "", IF(YEAR(A125) = YEAR(A126), I125+1, 1) ,"") -> 56
... A179: 45021 | B179: Rotten Egg | C179: =IFERROR(VLOOKUP(B179,'Overall Bean Summary'!A$2:B$36,2,FALSE),"") -> Bad | D179: =IF(A179 <> "", IF(C179 = "Spicy", D178, IF(C179 = "Good", D178+1, 0)), "") -> 0 | E179: =IF(A179 <> "", IF(C179 = "Spicy", E178, IF(C179 = "Bad", E178+1 , 0)), "") -> 1 | F179: =IF(B179 <> "", if(B179 = B178, F178+1, 1) ,"") -> 1 | G179: =IF(C179 <> "", IF(DAY(A178) = DAY(A179), G178+1, 1) ,"") -> 7 | H179: =IF(C179 <> "", IF(MONTH(A178) = MONTH(A179), H178+1, 1) ,"") -> 9 | I179: =IF(C179 <> "", IF(YEAR(A178) = YEAR(A179), I178+1, 1) ,"") -> 109
...

Sheet Not Beans
A1: Date | B1: Flavor | C1: Type | D1: Good in a row | E1: Bad in a row | K1: Vod | L1: Notes
A2: 45043 | B2: Pickled Egg | C2: Egg
A3: 45806 | B3: Sweet - Sour Grape? | C3: Good | D3: 1 | E3: 0 | L3: Sweet or Spicy (ghostpepper) candy rope
A4: 45806 | B4: Sweet - Sour Rhasberry? | C4: Good | D4: =IF(A4 <> "", IF(C4 = "Spicy", D3, IF(C4 = "Good", D3+1, 0)), "") -> 2 | E4: =IF(A4 <> "", IF(C4 = "Spicy", E3, IF(C4 = "Bad", E3+1 , 0)), "") -> 0 | F4: =IF(B4 <> "", if(B4 = B3, F3+1, 1) ,"") -> 1 | G4: =IF(C4 <> "", IF(DAY(A3) = DAY(A4), G3+1, 1) ,"") -> 1 | H4: =IF(C4 <> "", IF(MONTH(A3) = MONTH(A4), H3+1, 1) ,"") -> 1 | I4: =IF(C4 <> "", IF(YEAR(A3) = YEAR(A4), I3+1, 1) ,"") -> 1 | L4: Sweet or Spicy (ghostpepper) candy rope
A5: 45841 | B5: Sweet - Blueberry? | C5: Good | D5: =IF(A5 <> "", IF(C5 = "Spicy", D4, IF(C5 = "Good", D4+1, 0)), "") -> 3 | E5: =IF(A5 <> "", IF(C5 = "Spicy", E4, IF(C5 = "Bad", E4+1 , 0)), "") -> 0 | F5: =IF(B5 <> "", if(B5 = B4, F4+1, 1) ,"") -> 1 | G5: =IF(C5 <> "", IF(DAY(A4) = DAY(A5), G4+1, 1) ,"") -> 1 | H5: =IF(C5 <> "", IF(MONTH(A4) = MONTH(A5), H4+1, 1) ,"") -> 1 | I5: =IF(C5 <> "", IF(YEAR(A4) = YEAR(A5), I4+1, 1) ,"") -> 2
A6: 45841 | B6: Spicy - ? | C6: Bad | D6: =IF(A6 <> "", IF(C6 = "Spicy", D5, IF(C6 = "Good", D5+1, 0)), "") -> 0 | E6: =IF(A6 <> "", IF(C6 = "Spicy", E5, IF(C6 = "Bad", E5+1 , 0)), "") -> 1 | F6: =IF(B6 <> "", if(B6 = B5, F5+1, 1) ,"") -> 1 | G6: =IF(C6 <> "", IF(DAY(A5) = DAY(A6), G5+1, 1) ,"") -> 2 | H6: =IF(C6 <> "", IF(MONTH(A5) = MONTH(A6), H5+1, 1) ,"") -> 2 | I6: =IF(C6 <> "", IF(YEAR(A5) = YEAR(A6), I5+1, 1) ,"") -> 3
T845: Bad
T846: =R846/(Q846+R846) -> #DIV/0!
T938: Bad
T939: =R939/(Q939+R939) -> #DIV/0!
T1027: Bad
T1028: =R1028/(Q1028+R1028) -> #DIV/0!
T1044: Bad
T1045: =R1045/(Q1045+R1045) -> #DIV/0!
C1075: =IFERROR(VLOOKUP(B1075,'Overall Bean Summary'!A$2:B$36,2,FALSE),"") | D1075: =IF(A1075 <> "", IF(C1075 = "Spicy", D1074, IF(C1075 = "Good", D1074+1, 0)), "") | E1075: =IF(A1075 <> "", IF(C1075 = "Spicy", E1074, IF(C1075 = "Bad", E1074+1 , 0)), "") | F1075: =IF(B1075 <> "", if(B1075 = B1074, F1074+1, 1) ,"") | G1075: =IF(C1075 <> "", IF(DAY(A1074) = DAY(A1075), G1074+1, 1) ,"") | H1075: =IF(C1075 <> "", IF(MONTH(A1074) = MONTH(A1075), H1074+1, 1) ,"") | I1075: =IF(C1075 <> "", IF(YEAR(A1074) = YEAR(A1075), I1074+1, 1) ,"")
C1076: =IFERROR(VLOOKUP(B1076,'Overall Bean Summary'!A$2:B$36,2,FALSE),"") | D1076: =IF(A1076 <> "", IF(C1076 = "Spicy", D1075, IF(C1076 = "Good", D1075+1, 0)), "") | E1076: =IF(A1076 <> "", IF(C1076 = "Spicy", E1075, IF(C1076 = "Bad", E1075+1 , 0)), "") | F1076: =IF(B1076 <> "", if(B1076 = B1075, F1075+1, 1) ,"") | G1076: =IF(C1076 <> "", IF(DAY(A1075) = DAY(A1076), G1075+1, 1) ,"") | H1076: =IF(C1076 <> "", IF(MONTH(A1075) = MONTH(A1076), H1075+1, 1) ,"") | I1076: =IF(C1076 <> "", IF(YEAR(A1075) = YEAR(A1076), I1075+1, 1) ,"")
C1077: =IFERROR(VLOOKUP(B1077,'Overall Bean Summary'!A$2:B$36,2,FALSE),"") | D1077: =IF(A1077 <> "", IF(C1077 = "Spicy", D1076, IF(C1077 = "Good", D1076+1, 0)), "") | E1077: =IF(A1077 <> "", IF(C1077 = "Spicy", E1076, IF(C1077 = "Bad", E1076+1 , 0)), "") | F1077: =IF(B1077 <> "", if(B1077 = B1076, F1076+1, 1) ,"") | G1077: =IF(C1077 <> "", IF(DAY(A1076) = DAY(A1077), G1076+1, 1) ,"") | H1077: =IF(C1077 <> "", IF(MONTH(A1076) = MONTH(A1077), H1076+1, 1) ,"") | I1077: =IF(C1077 <> "", IF(YEAR(A1076) = YEAR(A1077), I1076+1, 1) ,"")
C1078: =IFERROR(VLOOKUP(B1078,'Overall Bean Summary'!A$2:B$36,2,FALSE),"") | D1078: =IF(A1078 <> "", IF(C1078 = "Spicy", D1077, IF(C1078 = "Good", D1077+1, 0)), "") | E1078: =IF(A1078 <> "", IF(C1078 = "Spicy", E1077, IF(C1078 = "Bad", E1077+1 , 0)), "") | F1078: =IF(B1078 <> "", if(B1078 = B1077, F1077+1, 1) ,"") | G1078: =IF(C1078 <> "", IF(DAY(A1077) = DAY(A1078), G1077+1, 1) ,"") | H1078: =IF(C1078 <> "", IF(MONTH(A1077) = MONTH(A1078), H1077+1, 1) ,"") | I1078: =IF(C1078 <> "", IF(YEAR(A1077) = YEAR(A1078), I1077+1, 1) ,"")
C1079: =IFERROR(VLOOKUP(B1079,'Overall Bean Summary'!A$2:B$36,2,FALSE),"") | D1079: =IF(A1079 <> "", IF(C1079 = "Spicy", D1078, IF(C1079 = "Good", D1078+1, 0)), "") | E1079: =IF(A1079 <> "", IF(C1079 = "Spicy", E1078, IF(C1079 = "Bad", E1078+1 , 0)), "") | F1079: =IF(B1079 <> "", if(B1079 = B1078, F1078+1, 1) ,"") | G1079: =IF(C1079 <> "", IF(DAY(A1078) = DAY(A1079), G1078+1, 1) ,"") | H1079: =IF(C1079 <> "", IF(MONTH(A1078) = MONTH(A1079), H1078+1, 1) ,"") | I1079: =IF(C1079 <> "", IF(YEAR(A1078) = YEAR(A1079), I1078+1, 1) ,"")
C1080: =IFERROR(VLOOKUP(B1080,'Overall Bean Summary'!A$2:B$36,2,FALSE),"") | D1080: =IF(A1080 <> "", IF(C1080 = "Spicy", D1079, IF(C1080 = "Good", D1079+1, 0)), "") | E1080: =IF(A1080 <> "", IF(C1080 = "Spicy", E1079, IF(C1080 = "Bad", E1079+1 , 0)), "") | F1080: =IF(B1080 <> "", if(B1080 = B1079, F1079+1, 1) ,"") | G1080: =IF(C1080 <> "", IF(DAY(A1079) = DAY(A1080), G1079+1, 1) ,"") | H1080: =IF(C1080 <> "", IF(MONTH(A1079) = MONTH(A1080), H1079+1, 1) ,"") | I1080: =IF(C1080 <> "", IF(YEAR(A1079) = YEAR(A1080), I1079+1, 1) ,"")
C1081: =IFERROR(VLOOKUP(B1081,'Overall Bean Summary'!A$2:B$36,2,FALSE),"") | D1081: =IF(A1081 <> "", IF(C1081 = "Spicy", D1080, IF(C1081 = "Good", D1080+1, 0)), "") | E1081: =IF(A1081 <> "", IF(C1081 = "Spicy", E1080, IF(C1081 = "Bad", E1080+1 , 0)), "") | F1081: =IF(B1081 <> "", if(B1081 = B1080, F1080+1, 1) ,"") | G1081: =IF(C1081 <> "", IF(DAY(A1080) = DAY(A1081), G1080+1, 1) ,"") | H1081: =IF(C1081 <> "", IF(MONTH(A1080) = MONTH(A1081), H1080+1, 1) ,"") | I1081: =IF(C1081 <> "", IF(YEAR(A1080) = YEAR(A1081), I1080+1, 1) ,"")
C1082: =IFERROR(VLOOKUP(B1082,'Overall Bean Summary'!A$2:B$36,2,FALSE),"") | D1082: =IF(A1082 <> "", IF(C1082 = "Spicy", D1081, IF(C1082 = "Good", D1081+1, 0)), "") | E1082: =IF(A1082 <> "", IF(C1082 = "Spicy", E1081, IF(C1082 = "Bad", E1081+1 , 0)), "") | F1082: =IF(B1082 <> "", if(B1082 = B1081, F1081+1, 1) ,"") | G1082: =IF(C1082 <> "", IF(DAY(A1081) = DAY(A1082), G1081+1, 1) ,"") | H1082: =IF(C1082 <> "", IF(MONTH(A1081) = MONTH(A1082), H1081+1, 1) ,"") | I1082: =IF(C1082 <> "", IF(YEAR(A1081) = YEAR(A1082), I1081+1, 1) ,"")
C1083: =IFERROR(VLOOKUP(B1083,'Overall Bean Summary'!A$2:B$36,2,FALSE),"") | D1083: =IF(A1083 <> "", IF(C1083 = "Spicy", D1082, IF(C1083 = "Good", D1082+1, 0)), "") | E1083: =IF(A1083 <> "", IF(C1083 = "Spicy", E1082, IF(C1083 = "Bad", E1082+1 , 0)), "") | F1083: =IF(B1083 <> "", if(B1083 = B1082, F1082+1, 1) ,"") | G1083: =IF(C1083 <> "", IF(DAY(A1082) = DAY(A1083), G1082+1, 1) ,"") | H1083: =IF(C1083 <> "", IF(MONTH(A1082) = MONTH(A1083), H1082+1, 1) ,"") | I1083: =IF(C1083 <> "", IF(YEAR(A1082) = YEAR(A1083), I1082+1, 1) ,"")
C1084: =IFERROR(VLOOKUP(B1084,'Overall Bean Summary'!A$2:B$36,2,FALSE),"") | D1084: =IF(A1084 <> "", IF(C1084 = "Spicy", D1083, IF(C1084 = "Good", D1083+1, 0)), "") | E1084: =IF(A1084 <> "", IF(C1084 = "Spicy", E1083, IF(C1084 = "Bad", E1083+1 , 0)), "") | F1084: =IF(B1084 <> "", if(B1084 = B1083, F1083+1, 1) ,"") | G1084: =IF(C1084 <> "", IF(DAY(A1083) = DAY(A1084), G1083+1, 1) ,"") | H1084: =IF(C1084 <> "", IF(MONTH(A1083) = MONTH(A1084), H1083+1, 1) ,"") | I1084: =IF(C1084 <> "", IF(YEAR(A1083) = YEAR(A1084), I1083+1, 1) ,"")
C1085: =IFERROR(VLOOKUP(B1085,'Overall Bean Summary'!A$2:B$36,2,FALSE),"") | D1085: =IF(A1085 <> "", IF(C1085 = "Spicy", D1084, IF(C1085 = "Good", D1084+1, 0)), "") | E1085: =IF(A1085 <> "", IF(C1085 = "Spicy", E1084, IF(C1085 = "Bad", E1084+1 , 0)), "") | F1085: =IF(B1085 <> "", if(B1085 = B1084, F1084+1, 1) ,"") | G1085: =IF(C1085 <> "", IF(DAY(A1084) = DAY(A1085), G1084+1, 1) ,"") | H1085: =IF(C1085 <> "", IF(MONTH(A1084) = MONTH(A1085), H1084+1, 1) ,"") | I1085: =IF(C1085 <> "", IF(YEAR(A1084) = YEAR(A1085), I1084+1, 1) ,"")
C1086: =IFERROR(VLOOKUP(B1086,'Overall Bean Summary'!A$2:B$36,2,FALSE),"") | D1086: =IF(A1086 <> "", IF(C1086 = "Spicy", D1085, IF(C1086 = "Good", D1085+1, 0)), "") | E1086: =IF(A1086 <> "", IF(C1086 = "Spicy", E1085, IF(C1086 = "Bad", E1085+1 , 0)), "") | F1086: =IF(B1086 <> "", if(B1086 = B1085, F1085+1, 1) ,"") | G1086: =IF(C1086 <> "", IF(DAY(A1085) = DAY(A1086), G1085+1, 1) ,"") | H1086: =IF(C1086 <> "", IF(MONTH(A1085) = MONTH(A1086), H1085+1, 1) ,"") | I1086: =IF(C1086 <> "", IF(YEAR(A1085) = YEAR(A1086), I1085+1, 1) ,"")
... C1096: =IFERROR(VLOOKUP(B1096,'Overall Bean Summary'!A$2:B$36,2,FALSE),"") | D1096: =IF(A1096 <> "", IF(C1096 = "Spicy", D1095, IF(C1096 = "Good", D1095+1, 0)), "") | E1096: =IF(A1096 <> "", IF(C1096 = "Spicy", E1095, IF(C1096 = "Bad", E1095+1 , 0)), "") | F1096: =IF(B1096 <> "", if(B1096 = B1095, F1095+1, 1) ,"") | G1096: =IF(C1096 <> "", IF(DAY(A1095) = DAY(A1096), G1095+1, 1) ,"") | H1096: =IF(C1096 <> "", IF(MONTH(A1095) = MONTH(A1096), H1095+1, 1) ,"") | I1096: =IF(C1096 <> "", IF(YEAR(A1095) = YEAR(A1096), I1095+1, 1) ,"")
C1097: =IFERROR(VLOOKUP(B1097,'Overall Bean Summary'!A$2:B$36,2,FALSE),"")
C1098: =IFERROR(VLOOKUP(B1098,'Overall Bean Summary'!A$2:B$36,2,FALSE),"")
C1099: =IFERROR(VLOOKUP(B1099,'Overall Bean Summary'!A$2:B$36,2,FALSE),"")
C1100: =IFERROR(VLOOKUP(B1100,'Overall Bean Summary'!A$2:B$36,2,FALSE),"")
C1101: =IFERROR(VLOOKUP(B1101,'Overall Bean Summary'!A$2:B$36,2,FALSE),"")

Sheet Graphs
A1: Date | B1: Count | C1: Good | D1: Bad | E1: Spicy | G1: Beans | H1: # Streams
A2: =Beans!A2 -> 44852 | B2: =if(A2<>"", COUNTIFS(Beans!A:A, A2), "") -> 1 | C2: =if(A2<>"", COUNTIFS(Beans!A:A, A2, Beans!C:C, "Good" ), "") -> 0 | D2: =if(A2<>"", COUNTIFS(Beans!A:A, A2, Beans!C:C, "Bad" ), "") -> 1 | E2: =if(A2<>"", COUNTIFS(Beans!A:A, A2, Beans!C:C, "Spicy" ), "") -> 0 | G2: 1 | H2: =COUNTIFS(B:B, G2) -> 200
A3: =IF(A2>=TODAY(), "", A2+1) -> 44853 | B3: =if(A3<>"", COUNTIFS(Beans!A:A, A3), "") -> 1 | C3: =if(A3<>"", COUNTIFS(Beans!A:A, A3, Beans!C:C, "Good" ), "") -> 1 | D3: =if(A3<>"", COUNTIFS(Beans!A:A, A3, Beans!C:C, "Bad" ), "") -> 0 | E3: =if(A3<>"", COUNTIFS(Beans!A:A, A3, Beans!C:C, "Spicy" ), "") -> 0 | G3: 2 | H3: =COUNTIFS(B:B, G3) -> 91
A4: =IF(A3>=TODAY(), "", A3+1) -> 44854 | B4: =if(A4<>"", COUNTIFS(Beans!A:A, A4), "") -> 1 | C4: =if(A4<>"", COUNTIFS(Beans!A:A, A4, Beans!C:C, "Good" ), "") -> 0 | D4: =if(A4<>"", COUNTIFS(Beans!A:A, A4, Beans!C:C, "Bad" ), "") -> 1 | E4: =if(A4<>"", COUNTIFS(Beans!A:A, A4, Beans!C:C, "Spicy" ), "") -> 0 | G4: 3 | H4: =COUNTIFS(B:B, G4) -> 60
A5: =IF(A4>=TODAY(), "", A4+1) -> 44855 | B5: =if(A5<>"", COUNTIFS(Beans!A:A, A5), "") -> 1 | C5: =if(A5<>"", COUNTIFS(Beans!A:A, A5, Beans!C:C, "Good" ), "") -> 1 | D5: =if(A5<>"", COUNTIFS(Beans!A:A, A5, Beans!C:C, "Bad" ), "") -> 0 | E5: =if(A5<>"", COUNTIFS(Beans!A:A, A5, Beans!C:C, "Spicy" ), "") -> 0 | G5: 4 | H5: =COUNTIFS(B:B, G5) -> 28
A6: =IF(A5>=TODAY(), "", A5+1) -> 44856 | B6: =if(A6<>"", COUNTIFS(Beans!A:A, A6), "") -> 0 | C6: =if(A6<>"", COUNTIFS(Beans!A:A, A6, Beans!C:C, "Good" ), "") -> 0 | D6: =if(A6<>"", COUNTIFS(Beans!A:A, A6, Beans!C:C, "Bad" ), "") -> 0 | E6: =if(A6<>"", COUNTIFS(Beans!A:A, A6, Beans!C:C, "Spicy" ), "") -> 0 | G6: 5 | H6: =COUNTIFS(B:B, G6) -> 10
A7: =IF(A6>=TODAY(), "", A6+1) -> 44857 | B7: =if(A7<>"", COUNTIFS(Beans!A:A, A7), "") -> 0 | C7: =if(A7<>"", COUNTIFS(Beans!A:A, A7, Beans!C:C, "Good" ), "") -> 0 | D7: =if(A7<>"", COUNTIFS(Beans!A:A, A7, Beans!C:C, "Bad" ), "") -> 0 | E7: =if(A7<>"", COUNTIFS(Beans!A:A, A7, Beans!C:C, "Spicy" ), "") -> 0 | G7: 6 | H7: =COUNTIFS(B:B, G7) -> 13
A8: =IF(A7>=TODAY(), "", A7+1) -> 44858 | B8: =if(A8<>"", COUNTIFS(Beans!A:A, A8), "") -> 1 | C8: =if(A8<>"", COUNTIFS(Beans!A:A, A8, Beans!C:C, "Good" ), "") -> 0 | D8: =if(A8<>"", COUNTIFS(Beans!A:A, A8, Beans!C:C, "Bad" ), "") -> 1 | E8: =if(A8<>"", COUNTIFS(Beans!A:A, A8, Beans!C:C, "Spicy" ), "") -> 0 | G8: 7 | H8: =COUNTIFS(B:B, G8) -> 5
A9: =IF(A8>=TODAY(), "", A8+1) -> 44859 | B9: =if(A9<>"", COUNTIFS(Beans!A:A, A9), "") -> 1 | C9: =if(A9<>"", COUNTIFS(Beans!A:A, A9, Beans!C:C, "Good" ), "") -> 0 | D9: =if(A9<>"", COUNTIFS(Beans!A:A, A9, Beans!C:C, "Bad" ), "") -> 1 | E9: =if(A9<>"", COUNTIFS(Beans!A:A, A9, Beans!C:C, "Spicy" ), "") -> 0 | G9: 8 | H9: =COUNTIFS(B:B, G9) -> 6
A10: =IF(A9>=TODAY(), "", A9+1) -> 44860 | B10: =if(A10<>"", COUNTIFS(Beans!A:A, A10), "") -> 1 | C10: =if(A10<>"", COUNTIFS(Beans!A:A, A10, Beans!C:C, "Good" ), "") -> 1 | D10: =if(A10<>"", COUNTIFS(Beans!A:A, A10, Beans!C:C, "Bad" ), "") -> 0 | E10: =if(A10<>"", COUNTIFS(Beans!A:A, A10, Beans!C:C, "Spicy" ), "") -> 0 | G10: 9 | H10: =COUNTIFS(B:B, G10) -> 4
A11: =IF(A10>=TODAY(), "", A10+1) -> 44861 | B11: =if(A11<>"", COUNTIFS(Beans!A:A, A11), "") -> 1 | C11: =if(A11<>"", COUNTIFS(Beans!A:A, A11, Beans!C:C, "Good" ), "") -> 1 | D11: =if(A11<>"", COUNTIFS(Beans!A:A, A11, Beans!C:C, "Bad" ), "") -> 0 | E11: =if(A11<>"", COUNTIFS(Beans!A:A, A11, Beans!C:C, "Spicy" ), "") -> 0 | G11: 10 | H11: =COUNTIFS(B:B, G11) -> 2
A12: =IF(A11>=TODAY(), "", A11+1) -> 44862 | B12: =if(A12<>"", COUNTIFS(Beans!A:A, A12), "") -> 1 | C12: =if(A12<>"", COUNTIFS(Beans!A:A, A12, Beans!C:C, "Good" ), "") -> 0 | D12: =if(A12<>"", COUNTIFS(Beans!A:A, A12, Beans!C:C, "Bad" ), "") -> 1 | E12: =if(A12<>"", COUNTIFS(Beans!A:A, A12, Beans!C:C, "Spicy" ), "") -> 0 | G12: 11 | H12: =COUNTIFS(B:B, G12) -> 0
A13: =IF(A12>=TODAY(), "", A12+1) -> 44863 | B13: =if(A13<>"", COUNTIFS(Beans!A:A, A13), "") -> 0 | C13: =if(A13<>"", COUNTIFS(Beans!A:A, A13, Beans!C:C, "Good" ), "") -> 0 | D13: =if(A13<>"", COUNTIFS(Beans!A:A, A13, Beans!C:C, "Bad" ), "") -> 0 | E13: =if(A13<>"", COUNTIFS(Beans!A:A, A13, Beans!C:C, "Spicy" ), "") -> 0 | G13: 12 | H13: =COUNTIFS(B:B, G13) -> 0
A14: =IF(A13>=TODAY(), "", A13+1) -> 44864 | B14: =if(A14<>"", COUNTIFS(Beans!A:A, A14), "") -> 0 | C14: =if(A14<>"", COUNTIFS(Beans!A:A, A14, Beans!C:C, "Good" ), "") -> 0 | D14: =if(A14<>"", COUNTIFS(Beans!A:A, A14, Beans!C:C, "Bad" ), "") -> 0 | E14: =if(A14<>"", COUNTIFS(Beans!A:A, A14, Beans!C:C, "Spicy" ), "") -> 0 | G14: 13 | H14: =COUNTIFS(B:B, G14) -> 1
... A26: =IF(A25>=TODAY(), "", A25+1) -> 44876 | B26: =if(A26<>"", COUNTIFS(Beans!A:A, A26), "") -> 1 | C26: =if(A26<>"", COUNTIFS(Beans!A:A, A26, Beans!C:C, "Good" ), "") -> 0 | D26: =if(A26<>"", COUNTIFS(Beans!A:A, A26, Beans!C:C, "Bad" ), "") -> 1 | E26: =if(A26<>"", COUNTIFS(Beans!A:A, A26, Beans!C:C, "Spicy" ), "") -> 0 | G26: 25 | H26: =COUNTIFS(B:B, G26) -> 0
A27: =IF(A26>=TODAY(), "", A26+1) -> 44877 | B27: =if(A27<>"", COUNTIFS(Beans!A:A, A27), "") -> 0 | C27: =if(A27<>"", COUNTIFS(Beans!A:A, A27, Beans!C:C, "Good" ), "") -> 0 | D27: =if(A27<>"", COUNTIFS(Beans!A:A, A27, Beans!C:C, "Bad" ), "") -> 0 | E27: =if(A27<>"", COUNTIFS(Beans!A:A, A27, Beans!C:C, "Spicy" ), "") -> 0 | G27: =G26+1 -> 26 | H27: =COUNTIFS(B:B, G27) -> 0
A28: =IF(A27>=TODAY(), "", A27+1) -> 44878 | B28: =if(A28<>"", COUNTIFS(Beans!A:A, A28), "") -> 0 | C28: =if(A28<>"", COUNTIFS(Beans!A:A, A28, Beans!C:C, "Good" ), "") -> 0 | D28: =if(A28<>"", COUNTIFS(Beans!A:A, A28, Beans!C:C, "Bad" ), "") -> 0 | E28: =if(A28<>"", COUNTIFS(Beans!A:A, A28, Beans!C:C, "Spicy" ), "") -> 0 | G28: =G27+1 -> 27 | H28: =COUNTIFS(B:B, G28) -> 0
A29: =IF(A28>=TODAY(), "", A28+1) -> 44879 | B29: =if(A29<>"", COUNTIFS(Beans!A:A, A29), "") -> 1 | C29: =if(A29<>"", COUNTIFS(Beans!A:A, A29, Beans!C:C, "Good" ), "") -> 1 | D29: =if(A29<>"", COUNTIFS(Beans!A:A, A29, Beans!C:C, "Bad" ), "") -> 0 | E29: =if(A29<>"", COUNTIFS(Beans!A:A, A29, Beans!C:C, "Spicy" ), "") -> 0 | G29: =G28+1 -> 28 | H29: =COUNTIFS(B:B, G29) -> 0
A30: =IF(A29>=TODAY(), "", A29+1) -> 44880 | B30: =if(A30<>"", COUNTIFS(Beans!A:A, A30), "") -> 1 | C30: =if(A30<>"", COUNTIFS(Beans!A:A, A30, Beans!C:C, "Good" ), "") -> 0 | D30: =if(A30<>"", COUNTIFS(Beans!A:A, A30, Beans!C:C, "Bad" ), "") -> 1 | E30: =if(A30<>"", COUNTIFS(Beans!A:A, A30, Beans!C:C, "Spicy" ), "") -> 0 | G30: =G29+1 -> 29 | H30: =COUNTIFS(B:B, G30) -> 0
A31: =IF(A30>=TODAY(), "", A30+1) -> 44881 | B31: =if(A31<>"", COUNTIFS(Beans!A:A, A31), "") -> 1 | C31: =if(A31<>"", COUNTIFS(Beans!A:A, A31, Beans!C:C, "Good" ), "") -> 1 | D31: =if(A31<>"", COUNTIFS(Beans!A:A, A31, Beans!C:C, "Bad" ), "") -> 0 | E31: =if(A31<>"", COUNTIFS(Beans!A:A, A31, Beans!C:C, "Spicy" ), "") -> 0 | G31: =G30+1 -> 30 | H31: =COUNTIFS(B:B, G31) -> 0
A32: =IF(A31>=TODAY(), "", A31+1) -> 44882 | B32: =if(A32<>"", COUNTIFS(Beans!A:A, A32), "") -> 2 | C32: =if(A32<>"", COUNTIFS(Beans!A:A, A32, Beans!C:C, "Good" ), "") -> 1 | D32: =if(A32<>"", COUNTIFS(Beans!A:A, A32, Beans!C:C, "Bad" ), "") -> 1 | E32: =if(A32<>"", COUNTIFS(Beans!A:A, A32, Beans!C:C, "Spicy" ), "") -> 0 | G32: =G31+1 -> 31 | H32: =COUNTIFS(B:B, G32) -> 0
A33: =IF(A32>=TODAY(), "", A32+1) -> 44883 | B33: =if(A33<>"", COUNTIFS(Beans!A:A, A33), "") -> 1 | C33: =if(A33<>"", COUNTIFS(Beans!A:A, A33, Beans!C:C, "Good" ), "") -> 0 | D33: =if(A33<>"", COUNTIFS(Beans!A:A, A33, Beans!C:C, "Bad" ), "") -> 1 | E33: =if(A33<>"", COUNTIFS(Beans!A:A, A33, Beans!C:C, "Spicy" ), "") -> 0 | G33: =G32+1 -> 32 | H33: =COUNTIFS(B:B, G33) -> 0
A34: =IF(A33>=TODAY(), "", A33+1) -> 44884 | B34: =if(A34<>"", COUNTIFS(Beans!A:A, A34), "") -> 0 | C34: =if(A34<>"", COUNTIFS(Beans!A:A, A34, Beans!C:C, "Good" ), "") -> 0 | D34: =if(A34<>"", COUNTIFS(Beans!A:A, A34, Beans!C:C, "Bad" ), "") -> 0 | E34: =if(A34<>"", COUNTIFS(Beans!A:A, A34, Beans!C:C, "Spicy" ), "") -> 0 | G34: =G33+1 -> 33 | H34: =COUNTIFS(B:B, G34) -> 1
A35: =IF(A34>=TODAY(), "", A34+1) -> 44885 | B35: =if(A35<>"", COUNTIFS(Beans!A:A, A35), "") -> 0 | C35: =if(A35<>"", COUNTIFS(Beans!A:A, A35, Beans!C:C, "Good" ), "") -> 0 | D35: =if(A35<>"", COUNTIFS(Beans!A:A, A35, Beans!C:C, "Bad" ), "") -> 0 | E35: =if(A35<>"", COUNTIFS(Beans!A:A, A35, Beans!C:C, "Spicy" ), "") -> 0 | G35: =G34+1 -> 34 | H35: =COUNTIFS(B:B, G35) -> 0
A36: =IF(A35>=TODAY(), "", A35+1) -> 44886 | B36: =if(A36<>"", COUNTIFS(Beans!A:A, A36), "") -> 1 | C36: =if(A36<>"", COUNTIFS(Beans!A:A, A36, Beans!C:C, "Good" ), "") -> 0 | D36: =if(A36<>"", COUNTIFS(Beans!A:A, A36, Beans!C:C, "Bad" ), "") -> 1 | E36: =if(A36<>"", COUNTIFS(Beans!A:A, A36, Beans!C:C, "Spicy" ), "") -> 0 | H36: =SUM(H2:H35) -> 426 | I36: ='Overall Bean Summary'!N7-H36 -> 787
A37: =IF(A36>=TODAY(), "", A36+1) -> 44887 | B37: =if(A37<>"", COUNTIFS(Beans!A:A, A37), "") -> 1 | C37: =if(A37<>"", COUNTIFS(Beans!A:A, A37, Beans!C:C, "Good" ), "") -> 0 | D37: =if(A37<>"", COUNTIFS(Beans!A:A, A37, Beans!C:C, "Bad" ), "") -> 1 | E37: =if(A37<>"", COUNTIFS(Beans!A:A, A37, Beans!C:C, "Spicy" ), "") -> 0
A38: =IF(A37>=TODAY(), "", A37+1) -> 44888 | B38: =if(A38<>"", COUNTIFS(Beans!A:A, A38), "") -> 1 | C38: =if(A38<>"", COUNTIFS(Beans!A:A, A38, Beans!C:C, "Good" ), "") -> 0 | D38: =if(A38<>"", COUNTIFS(Beans!A:A, A38, Beans!C:C, "Bad" ), "") -> 1 | E38: =if(A38<>"", COUNTIFS(Beans!A:A, A38, Beans!C:C, "Spicy" ), "") -> 0
A39: =IF(A38>=TODAY(), "", A38+1) -> 44889 | B39: =if(A39<>"", COUNTIFS(Beans!A:A, A39), "") -> 1 | C39: =if(A39<>"", COUNTIFS(Beans!A:A, A39, Beans!C:C, "Good" ), "") -> 0 | D39: =if(A39<>"", COUNTIFS(Beans!A:A, A39, Beans!C:C, "Bad" ), "") -> 1 | E39: =if(A39<>"", COUNTIFS(Beans!A:A, A39, Beans!C:C, "Spicy" ), "") -> 0
A40: =IF(A39>=TODAY(), "", A39+1) -> 44890 | B40: =if(A40<>"", COUNTIFS(Beans!A:A, A40), "") -> 2 | C40: =if(A40<>"", COUNTIFS(Beans!A:A, A40, Beans!C:C, "Good" ), "") -> 0 | D40: =if(A40<>"", COUNTIFS(Beans!A:A, A40, Beans!C:C, "Bad" ), "") -> 2 | E40: =if(A40<>"", COUNTIFS(Beans!A:A, A40, Beans!C:C, "Spicy" ), "") -> 0
A41: =IF(A40>=TODAY(), "", A40+1) -> 44891 | B41: =if(A41<>"", COUNTIFS(Beans!A:A, A41), "") -> 0 | C41: =if(A41<>"", COUNTIFS(Beans!A:A, A41, Beans!C:C, "Good" ), "") -> 0 | D41: =if(A41<>"", COUNTIFS(Beans!A:A, A41, Beans!C:C, "Bad" ), "") -> 0 | E41: =if(A41<>"", COUNTIFS(Beans!A:A, A41, Beans!C:C, "Spicy" ), "") -> 0
A42: =IF(A41>=TODAY(), "", A41+1) -> 44892 | B42: =if(A42<>"", COUNTIFS(Beans!A:A, A42), "") -> 0 | C42: =if(A42<>"", COUNTIFS(Beans!A:A, A42, Beans!C:C, "Good" ), "") -> 0 | D42: =if(A42<>"", COUNTIFS(Beans!A:A, A42, Beans!C:C, "Bad" ), "") -> 0 | E42: =if(A42<>"", COUNTIFS(Beans!A:A, A42, Beans!C:C, "Spicy" ), "") -> 0
A43: =IF(A42>=TODAY(), "", A42+1) -> 44893 | B43: =if(A43<>"", COUNTIFS(Beans!A:A, A43), "") -> 1 | C43: =if(A43<>"", COUNTIFS(Beans!A:A, A43, Beans!C:C, "Good" ), "") -> 0 | D43: =if(A43<>"", COUNTIFS(Beans!A:A, A43, Beans!C:C, "Bad" ), "") -> 1 | E43: =if(A43<>"", COUNTIFS(Beans!A:A, A43, Beans!C:C, "Spicy" ), "") -> 0
A44: =IF(A43>=TODAY(), "", A43+1) -> 44894 | B44: =if(A44<>"", COUNTIFS(Beans!A:A, A44), "") -> 1 | C44: =if(A44<>"", COUNTIFS(Beans!A:A, A44, Beans!C:C, "Good" ), "") -> 0 | D44: =if(A44<>"", COUNTIFS(Beans!A:A, A44, Beans!C:C, "Bad" ), "") -> 1 | E44: =if(A44<>"", COUNTIFS(Beans!A:A, A44, Beans!C:C, "Spicy" ), "") -> 0
A45: =IF(A44>=TODAY(), "", A44+1) -> 44895 | B45: =if(A45<>"", COUNTIFS(Beans!A:A, A45), "") -> 0 | C45: =if(A45<>"", COUNTIFS(Beans!A:A, A45, Beans!C:C, "Good" ), "") -> 0 | D45: =if(A45<>"", COUNTIFS(Beans!A:A, A45, Beans!C:C, "Bad" ), "") -> 0 | E45: =if(A45<>"", COUNTIFS(Beans!A:A, A45, Beans!C:C, "Spicy" ), "") -> 0
A46: =IF(A45>=TODAY(), "", A45+1) -> 44896 | B46: =if(A46<>"", COUNTIFS(Beans!A:A, A46), "") -> 1 | C46: =if(A46<>"", COUNTIFS(Beans!A:A, A46, Beans!C:C, "Good" ), "") -> 1 | D46: =if(A46<>"", COUNTIFS(Beans!A:A, A46, Beans!C:C, "Bad" ), "") -> 0 | E46: =if(A46<>"", COUNTIFS(Beans!A:A, A46, Beans!C:C, "Spicy" ), "") -> 0
A47: =IF(A46>=TODAY(), "", A46+1) -> 44897 | B47: =if(A47<>"", COUNTIFS(Beans!A:A, A47), "") -> 2 | C47: =if(A47<>"", COUNTIFS(Beans!A:A, A47, Beans!C:C, "Good" ), "") -> 1 | D47: =if(A47<>"", COUNTIFS(Beans!A:A, A47, Beans!C:C, "Bad" ), "") -> 1 | E47: =if(A47<>"", COUNTIFS(Beans!A:A, A47, Beans!C:C, "Spicy" ), "") -> 0
A48: =IF(A47>=TODAY(), "", A47+1) -> 44898 | B48: =if(A48<>"", COUNTIFS(Beans!A:A, A48), "") -> 0 | C48: =if(A48<>"", COUNTIFS(Beans!A:A, A48, Beans!C:C, "Good" ), "") -> 0 | D48: =if(A48<>"", COUNTIFS(Beans!A:A, A48, Beans!C:C, "Bad" ), "") -> 0 | E48: =if(A48<>"", COUNTIFS(Beans!A:A, A48, Beans!C:C, "Spicy" ), "") -> 0
... A1000: =IF(A999>=TODAY(), "", A999+1) -> 45850 | B1000: =if(A1000<>"", COUNTIFS(Beans!A:A, A1000), "") -> 0 | C1000: =if(A1000<>"", COUNTIFS(Beans!A:A, A1000, Beans!C:C, "Good" ), "") -> 0 | D1000: =if(A1000<>"", COUNTIFS(Beans!A:A, A1000, Beans!C:C, "Bad" ), "") -> 0 | E1000: =if(A1000<>"", COUNTIFS(Beans!A:A, A1000, Beans!C:C, "Spicy" ), "") -> 0

Sheet 2026 Bean Description
A1: Flavor | B1: Good/Bad | C1: Seasons | D1: Bean | E1: Total | F1: % | G1: January | H1: February | I1: March | J1: April | K1: May | L1: June | M1: July | N1: August | O1: September | P1: October | Q1: November | R1: December
A2: Juicy Pear | B2: Good | C2: 1st-Curr | D2: =D3 | E2: =SUM(G2:R2) -> 1 | F2: =IF(E2+E3 = 0, "n/a", E2/(E2+E3)) -> 0.071428571 | G2: =COUNTIFS(Beans!B:B, A2, Beans!A:A, ">=2026-1-1", Beans!A:A,"<2026-2-1" ) -> 0 | H2: =COUNTIFS(Beans!B:B, A2, Beans!A:A, ">=2026-2-1", Beans!A:A,"<2026-3-1" ) -> 0 | I2: =COUNTIFS(Beans!B:B, A2, Beans!A:A, ">=2026-3-1", Beans!A:A,"<2026-4-1" ) -> 0 | J2: =COUNTIFS(Beans!B:B, A2, Beans!A:A, ">=2026-4-1", Beans!A:A,"<2026-5-1" ) -> 1 | K2: =COUNTIFS(Beans!B:B, A2, Beans!A:A, ">=2026-5-1", Beans!A:A,"<2026-6-1" ) -> 0 | L2: =COUNTIFS(Beans!B:B, A2, Beans!A:A, ">=2026-6-1", Beans!A:A,"<2026-7-1" ) -> 0 | M2: =COUNTIFS(Beans!B:B, A2, Beans!A:A, ">=2026-7-1", Beans!A:A,"<2026-8-1" ) -> 0 | N2: =COUNTIFS(Beans!B:B, A2, Beans!A:A, ">=2026-8-1", Beans!A:A,"<2026-9-1" ) -> 0 | O2: =COUNTIFS(Beans!B:B, A2, Beans!A:A, ">=2026-9-1", Beans!A:A,"<2026-10-1" ) -> 0 | P2: =COUNTIFS(Beans!B:B, A2, Beans!A:A, ">=2026-10-1", Beans!A:A,"<2026-11-1" ) -> 0 | Q2: =COUNTIFS(Beans!B:B, A2, Beans!A:A, ">=2026-11-1", Beans!A:A,"<2026-12-1" ) -> 0 | R2: =COUNTIFS(Beans!B:B, A2, Beans!A:A, ">=2026-12-1", Beans!A:A,"<2027-1-1" ) -> 0
A3: Booger | B3: Bad | C3: 1st-Curr | E3: =SUM(G3:R3) -> 13 | F3: =IF(E2+E3 = 0, "n/a", E3/(E2+E3)) -> 0.92857143 | G3: =COUNTIFS(Beans!B:B, A3, Beans!A:A, ">=2026-1-1", Beans!A:A,"<2026-2-1" ) -> 3 | H3: =COUNTIFS(Beans!B:B, A3, Beans!A:A, ">=2026-2-1", Beans!A:A,"<2026-3-1" ) -> 1 | I3: =COUNTIFS(Beans!B:B, A3, Beans!A:A, ">=2026-3-1", Beans!A:A,"<2026-4-1" ) -> 0 | J3: =COUNTIFS(Beans!B:B, A3, Beans!A:A, ">=2026-4-1", Beans!A:A,"<2026-5-1" ) -> 0 | K3: =COUNTIFS(Beans!B:B, A3, Beans!A:A, ">=2026-5-1", Beans!A:A,"<2026-6-1" ) -> 3 | L3: =COUNTIFS(Beans!B:B, A3, Beans!A:A, ">=2026-6-1", Beans!A:A,"<2026-7-1" ) -> 0 | M3: =COUNTIFS(Beans!B:B, A3, Beans!A:A, ">=2026-7-1", Beans!A:A,"<2026-8-1" ) -> 0 | N3: =COUNTIFS(Beans!B:B, A3, Beans!A:A, ">=2026-8-1", Beans!A:A,"<2026-9-1" ) -> 1 | O3: =COUNTIFS(Beans!B:B, A3, Beans!A:A, ">=2026-9-1", Beans!A:A,"<2026-10-1" ) -> 5 | P3: =COUNTIFS(Beans!B:B, A3, Beans!A:A, ">=2026-10-1", Beans!A:A,"<2026-11-1" ) -> 0 | Q3: =COUNTIFS(Beans!B:B, A3, Beans!A:A, ">=2026-11-1", Beans!A:A,"<2026-12-1" ) -> 0 | R3: =COUNTIFS(Beans!B:B, A3, Beans!A:A, ">=2026-12-1", Beans!A:A,"<2027-1-1" ) -> 0
A4: Strawberry Smoothie | B4: Good | C4: 4th-Curr | D4: =D5 | E4: =SUM(G4:R4) -> 8 | F4: =IF(E4+E5 = 0, "n/a", E4/(E4+E5)) -> 0.72727273 | G4: =COUNTIFS(Beans!B:B, A4, Beans!A:A, ">=2026-1-1", Beans!A:A,"<2026-2-1" ) -> 0 | H4: =COUNTIFS(Beans!B:B, A4, Beans!A:A, ">=2026-2-1", Beans!A:A,"<2026-3-1" ) -> 0 | I4: =COUNTIFS(Beans!B:B, A4, Beans!A:A, ">=2026-3-1", Beans!A:A,"<2026-4-1" ) -> 1 | J4: =COUNTIFS(Beans!B:B, A4, Beans!A:A, ">=2026-4-1", Beans!A:A,"<2026-5-1" ) -> 0 | K4: =COUNTIFS(Beans!B:B, A4, Beans!A:A, ">=2026-5-1", Beans!A:A,"<2026-6-1" ) -> 0 | L4: =COUNTIFS(Beans!B:B, A4, Beans!A:A, ">=2026-6-1", Beans!A:A,"<2026-7-1" ) -> 1 | M4: =COUNTIFS(Beans!B:B, A4, Beans!A:A, ">=2026-7-1", Beans!A:A,"<2026-8-1" ) -> 0 | N4: =COUNTIFS(Beans!B:B, A4, Beans!A:A, ">=2026-8-1", Beans!A:A,"<2026-9-1" ) -> 2 | O4: =COUNTIFS(Beans!B:B, A4, Beans!A:A, ">=2026-9-1", Beans!A:A,"<2026-10-1" ) -> 4 | P4: =COUNTIFS(Beans!B:B, A4, Beans!A:A, ">=2026-10-1", Beans!A:A,"<2026-11-1" ) -> 0 | Q4: =COUNTIFS(Beans!B:B, A4, Beans!A:A, ">=2026-11-1", Beans!A:A,"<2026-12-1" ) -> 0 | R4: =COUNTIFS(Beans!B:B, A4, Beans!A:A, ">=2026-12-1", Beans!A:A,"<2027-1-1" ) -> 0
A5: Dead Fish (Rotten) | B5: Bad | C5: 4th-Curr | E5: =SUM(G5:R5) -> 3 | F5: =IF(E4+E5 = 0, "n/a", E5/(E4+E5)) -> 0.27272727 | G5: =COUNTIFS(Beans!B:B, A5, Beans!A:A, ">=2026-1-1", Beans!A:A,"<2026-2-1" ) -> 0 | H5: =COUNTIFS(Beans!B:B, A5, Beans!A:A, ">=2026-2-1", Beans!A:A,"<2026-3-1" ) -> 0 | I5: =COUNTIFS(Beans!B:B, A5, Beans!A:A, ">=2026-3-1", Beans!A:A,"<2026-4-1" ) -> 0 | J5: =COUNTIFS(Beans!B:B, A5, Beans!A:A, ">=2026-4-1", Beans!A:A,"<2026-5-1" ) -> 0 | K5: =COUNTIFS(Beans!B:B, A5, Beans!A:A, ">=2026-5-1", Beans!A:A,"<2026-6-1" ) -> 0 | L5: =COUNTIFS(Beans!B:B, A5, Beans!A:A, ">=2026-6-1", Beans!A:A,"<2026-7-1" ) -> 0 | M5: =COUNTIFS(Beans!B:B, A5, Beans!A:A, ">=2026-7-1", Beans!A:A,"<2026-8-1" ) -> 0 | N5: =COUNTIFS(Beans!B:B, A5, Beans!A:A, ">=2026-8-1", Beans!A:A,"<2026-9-1" ) -> 0 | O5: =COUNTIFS(Beans!B:B, A5, Beans!A:A, ">=2026-9-1", Beans!A:A,"<2026-10-1" ) -> 3 | P5: =COUNTIFS(Beans!B:B, A5, Beans!A:A, ">=2026-10-1", Beans!A:A,"<2026-11-1" ) -> 0 | Q5: =COUNTIFS(Beans!B:B, A5, Beans!A:A, ">=2026-11-1", Beans!A:A,"<2026-12-1" ) -> 0 | R5: =COUNTIFS(Beans!B:B, A5, Beans!A:A, ">=2026-12-1", Beans!A:A,"<2027-1-1" ) -> 0
A6: Berry Blue | B6: Good | C6: 1st-Curr | E6: =SUM(G6:R6) -> 0 | F6: =IF(E6+E7 = 0, "n/a", E6/(E6+E7)) -> n/a | G6: =COUNTIFS(Beans!B:B, A6, Beans!A:A, ">=2026-1-1", Beans!A:A,"<2026-2-1" ) -> 0 | H6: =COUNTIFS(Beans!B:B, A6, Beans!A:A, ">=2026-2-1", Beans!A:A,"<2026-3-1" ) -> 0 | I6: =COUNTIFS(Beans!B:B, A6, Beans!A:A, ">=2026-3-1", Beans!A:A,"<2026-4-1" ) -> 0 | J6: =COUNTIFS(Beans!B:B, A6, Beans!A:A, ">=2026-4-1", Beans!A:A,"<2026-5-1" ) -> 0 | K6: =COUNTIFS(Beans!B:B, A6, Beans!A:A, ">=2026-5-1", Beans!A:A,"<2026-6-1" ) -> 0 | L6: =COUNTIFS(Beans!B:B, A6, Beans!A:A, ">=2026-6-1", Beans!A:A,"<2026-7-1" ) -> 0 | M6: =COUNTIFS(Beans!B:B, A6, Beans!A:A, ">=2026-7-1", Beans!A:A,"<2026-8-1" ) -> 0 | N6: =COUNTIFS(Beans!B:B, A6, Beans!A:A, ">=2026-8-1", Beans!A:A,"<2026-9-1" ) -> 0 | O6: =COUNTIFS(Beans!B:B, A6, Beans!A:A, ">=2026-9-1", Beans!A:A,"<2026-10-1" ) -> 0 | P6: =COUNTIFS(Beans!B:B, A6, Beans!A:A, ">=2026-10-1", Beans!A:A,"<2026-11-1" ) -> 0 | Q6: =COUNTIFS(Beans!B:B, A6, Beans!A:A, ">=2026-11-1", Beans!A:A,"<2026-12-1" ) -> 0 | R6: =COUNTIFS(Beans!B:B, A6, Beans!A:A, ">=2026-12-1", Beans!A:A,"<2027-1-1" ) -> 0
A7: Toothpaste | B7: Bad | C7: 1st-Curr | D7: =D6 | E7: =SUM(G7:R7) -> 0 | F7: =IF(E6+E7 = 0, "n/a", E7/(E6+E7)) -> n/a | G7: =COUNTIFS(Beans!B:B, A7, Beans!A:A, ">=2026-1-1", Beans!A:A,"<2026-2-1" ) -> 0 | H7: =COUNTIFS(Beans!B:B, A7, Beans!A:A, ">=2026-2-1", Beans!A:A,"<2026-3-1" ) -> 0 | I7: =COUNTIFS(Beans!B:B, A7, Beans!A:A, ">=2026-3-1", Beans!A:A,"<2026-4-1" ) -> 0 | J7: =COUNTIFS(Beans!B:B, A7, Beans!A:A, ">=2026-4-1", Beans!A:A,"<2026-5-1" ) -> 0 | K7: =COUNTIFS(Beans!B:B, A7, Beans!A:A, ">=2026-5-1", Beans!A:A,"<2026-6-1" ) -> 0 | L7: =COUNTIFS(Beans!B:B, A7, Beans!A:A, ">=2026-6-1", Beans!A:A,"<2026-7-1" ) -> 0 | M7: =COUNTIFS(Beans!B:B, A7, Beans!A:A, ">=2026-7-1", Beans!A:A,"<2026-8-1" ) -> 0 | N7: =COUNTIFS(Beans!B:B, A7, Beans!A:A, ">=2026-8-1", Beans!A:A,"<2026-9-1" ) -> 0 | O7: =COUNTIFS(Beans!B:B, A7, Beans!A:A, ">=2026-9-1", Beans!A:A,"<2026-10-1" ) -> 0 | P7: =COUNTIFS(Beans!B:B, A7, Beans!A:A, ">=2026-10-1", Beans!A:A,"<2026-11-1" ) -> 0 | Q7: =COUNTIFS(Beans!B:B, A7, Beans!A:A, ">=2026-11-1", Beans!A:A,"<2026-12-1" ) -> 0 | R7: =COUNTIFS(Beans!B:B, A7, Beans!A:A, ">=2026-12-1", Beans!A:A,"<2027-1-1" ) -> 0
A8: Birthday Cake | B8: Good | C8: 5th-Curr | D8: =D9 | E8: =SUM(G8:R8) -> 0 | F8: =IF(E8+E9 = 0, "n/a", E8/(E8+E9)) -> n/a | G8: =COUNTIFS(Beans!B:B, A8, Beans!A:A, ">=2026-1-1", Beans!A:A,"<2026-2-1" ) -> 0 | H8: =COUNTIFS(Beans!B:B, A8, Beans!A:A, ">=2026-2-1", Beans!A:A,"<2026-3-1" ) -> 0 | I8: =COUNTIFS(Beans!B:B, A8, Beans!A:A, ">=2026-3-1", Beans!A:A,"<2026-4-1" ) -> 0 | J8: =COUNTIFS(Beans!B:B, A8, Beans!A:A, ">=2026-4-1", Beans!A:A,"<2026-5-1" ) -> 0 | K8: =COUNTIFS(Beans!B:B, A8, Beans!A:A, ">=2026-5-1", Beans!A:A,"<2026-6-1" ) -> 0 | L8: =COUNTIFS(Beans!B:B, A8, Beans!A:A, ">=2026-6-1", Beans!A:A,"<2026-7-1" ) -> 0 | M8: =COUNTIFS(Beans!B:B, A8, Beans!A:A, ">=2026-7-1", Beans!A:A,"<2026-8-1" ) -> 0 | N8: =COUNTIFS(Beans!B:B, A8, Beans!A:A, ">=2026-8-1", Beans!A:A,"<2026-9-1" ) -> 0 | O8: =COUNTIFS(Beans!B:B, A8, Beans!A:A, ">=2026-9-1", Beans!A:A,"<2026-10-1" ) -> 0 | P8: =COUNTIFS(Beans!B:B, A8, Beans!A:A, ">=2026-10-1", Beans!A:A,"<2026-11-1" ) -> 0 | Q8: =COUNTIFS(Beans!B:B, A8, Beans!A:A, ">=2026-11-1", Beans!A:A,"<2026-12-1" ) -> 0 | R8: =COUNTIFS(Beans!B:B, A8, Beans!A:A, ">=2026-12-1", Beans!A:A,"<2027-1-1" ) -> 0
A9: Dirty Dishwater | B9: Bad | C9: 5th-Curr | E9: =SUM(G9:R9) -> 0 | F9: =IF(E8+E9 = 0, "n/a", E9/(E8+E9)) -> n/a | G9: =COUNTIFS(Beans!B:B, A9, Beans!A:A, ">=2026-1-1", Beans!A:A,"<2026-2-1" ) -> 0 | H9: =COUNTIFS(Beans!B:B, A9, Beans!A:A, ">=2026-2-1", Beans!A:A,"<2026-3-1" ) -> 0 | I9: =COUNTIFS(Beans!B:B, A9, Beans!A:A, ">=2026-3-1", Beans!A:A,"<2026-4-1" ) -> 0 | J9: =COUNTIFS(Beans!B:B, A9, Beans!A:A, ">=2026-4-1", Beans!A:A,"<2026-5-1" ) -> 0 | K9: =COUNTIFS(Beans!B:B, A9, Beans!A:A, ">=2026-5-1", Beans!A:A,"<2026-6-1" ) -> 0 | L9: =COUNTIFS(Beans!B:B, A9, Beans!A:A, ">=2026-6-1", Beans!A:A,"<2026-7-1" ) -> 0 | M9: =COUNTIFS(Beans!B:B, A9, Beans!A:A, ">=2026-7-1", Beans!A:A,"<2026-8-1" ) -> 0 | N9: =COUNTIFS(Beans!B:B, A9, Beans!A:A, ">=2026-8-1", Beans!A:A,"<2026-9-1" ) -> 0 | O9: =COUNTIFS(Beans!B:B, A9, Beans!A:A, ">=2026-9-1", Beans!A:A,"<2026-10-1" ) -> 0 | P9: =COUNTIFS(Beans!B:B, A9, Beans!A:A, ">=2026-10-1", Beans!A:A,"<2026-11-1" ) -> 0 | Q9: =COUNTIFS(Beans!B:B, A9, Beans!A:A, ">=2026-11-1", Beans!A:A,"<2026-12-1" ) -> 0 | R9: =COUNTIFS(Beans!B:B, A9, Beans!A:A, ">=2026-12-1", Beans!A:A,"<2027-1-1" ) -> 0
A10: Peach | B10: Good | C10: 1st-Curr | D10: =D11 | E10: =SUM(G10:R10) -> 1 | F10: =IF(E10+E11 = 0, "n/a", E10/(E10+E11)) -> 0.16666667 | G10: =COUNTIFS(Beans!B:B, A10, Beans!A:A, ">=2026-1-1", Beans!A:A,"<2026-2-1" ) -> 0 | H10: =COUNTIFS(Beans!B:B, A10, Beans!A:A, ">=2026-2-1", Beans!A:A,"<2026-3-1" ) -> 0 | I10: =COUNTIFS(Beans!B:B, A10, Beans!A:A, ">=2026-3-1", Beans!A:A,"<2026-4-1" ) -> 0 | J10: =COUNTIFS(Beans!B:B, A10, Beans!A:A, ">=2026-4-1", Beans!A:A,"<2026-5-1" ) -> 0 | K10: =COUNTIFS(Beans!B:B, A10, Beans!A:A, ">=2026-5-1", Beans!A:A,"<2026-6-1" ) -> 1 | L10: =COUNTIFS(Beans!B:B, A10, Beans!A:A, ">=2026-6-1", Beans!A:A,"<2026-7-1" ) -> 0 | M10: =COUNTIFS(Beans!B:B, A10, Beans!A:A, ">=2026-7-1", Beans!A:A,"<2026-8-1" ) -> 0 | N10: =COUNTIFS(Beans!B:B, A10, Beans!A:A, ">=2026-8-1", Beans!A:A,"<2026-9-1" ) -> 0 | O10: =COUNTIFS(Beans!B:B, A10, Beans!A:A, ">=2026-9-1", Beans!A:A,"<2026-10-1" ) -> 0 | P10: =COUNTIFS(Beans!B:B, A10, Beans!A:A, ">=2026-10-1", Beans!A:A,"<2026-11-1" ) -> 0 | Q10: =COUNTIFS(Beans!B:B, A10, Beans!A:A, ">=2026-11-1", Beans!A:A,"<2026-12-1" ) -> 0 | R10: =COUNTIFS(Beans!B:B, A10, Beans!A:A, ">=2026-12-1", Beans!A:A,"<2027-1-1" ) -> 0
A11: Barf | B11: Bad | C11: 1st-Curr | E11: =SUM(G11:R11) -> 5 | F11: =IF(E10+E11 = 0, "n/a", E11/(E10+E11)) -> 0.83333333 | G11: =COUNTIFS(Beans!B:B, A11, Beans!A:A, ">=2026-1-1", Beans!A:A,"<2026-2-1" ) -> 1 | H11: =COUNTIFS(Beans!B:B, A11, Beans!A:A, ">=2026-2-1", Beans!A:A,"<2026-3-1" ) -> 0 | I11: =COUNTIFS(Beans!B:B, A11, Beans!A:A, ">=2026-3-1", Beans!A:A,"<2026-4-1" ) -> 0 | J11: =COUNTIFS(Beans!B:B, A11, Beans!A:A, ">=2026-4-1", Beans!A:A,"<2026-5-1" ) -> 1 | K11: =COUNTIFS(Beans!B:B, A11, Beans!A:A, ">=2026-5-1", Beans!A:A,"<2026-6-1" ) -> 1 | L11: =COUNTIFS(Beans!B:B, A11, Beans!A:A, ">=2026-6-1", Beans!A:A,"<2026-7-1" ) -> 1 | M11: =COUNTIFS(Beans!B:B, A11, Beans!A:A, ">=2026-7-1", Beans!A:A,"<2026-8-1" ) -> 0 | N11: =COUNTIFS(Beans!B:B, A11, Beans!A:A, ">=2026-8-1", Beans!A:A,"<2026-9-1" ) -> 0 | O11: =COUNTIFS(Beans!B:B, A11, Beans!A:A, ">=2026-9-1", Beans!A:A,"<2026-10-1" ) -> 1 | P11: =COUNTIFS(Beans!B:B, A11, Beans!A:A, ">=2026-10-1", Beans!A:A,"<2026-11-1" ) -> 0 | Q11: =COUNTIFS(Beans!B:B, A11, Beans!A:A, ">=2026-11-1", Beans!A:A,"<2026-12-1" ) -> 0 | R11: =COUNTIFS(Beans!B:B, A11, Beans!A:A, ">=2026-12-1", Beans!A:A,"<2027-1-1" ) -> 0
A12: Tutti Fruitti | B12: Good | C12: 3rd-Curr | D12: =D13 | E12: =SUM(G12:R12) -> 3 | F12: =IF(E12+E13 = 0, "n/a", E12/(E12+E13)) -> 0.5 | G12: =COUNTIFS(Beans!B:B, A12, Beans!A:A, ">=2026-1-1", Beans!A:A,"<2026-2-1" ) -> 0 | H12: =COUNTIFS(Beans!B:B, A12, Beans!A:A, ">=2026-2-1", Beans!A:A,"<2026-3-1" ) -> 0 | I12: =COUNTIFS(Beans!B:B, A12, Beans!A:A, ">=2026-3-1", Beans!A:A,"<2026-4-1" ) -> 0 | J12: =COUNTIFS(Beans!B:B, A12, Beans!A:A, ">=2026-4-1", Beans!A:A,"<2026-5-1" ) -> 1 | K12: =COUNTIFS(Beans!B:B, A12, Beans!A:A, ">=2026-5-1", Beans!A:A,"<2026-6-1" ) -> 1 | L12: =COUNTIFS(Beans!B:B, A12, Beans!A:A, ">=2026-6-1", Beans!A:A,"<2026-7-1" ) -> 0 | M12: =COUNTIFS(Beans!B:B, A12, Beans!A:A, ">=2026-7-1", Beans!A:A,"<2026-8-1" ) -> 0 | N12: =COUNTIFS(Beans!B:B, A12, Beans!A:A, ">=2026-8-1", Beans!A:A,"<2026-9-1" ) -> 0 | O12: =COUNTIFS(Beans!B:B, A12, Beans!A:A, ">=2026-9-1", Beans!A:A,"<2026-10-1" ) -> 1 | P12: =COUNTIFS(Beans!B:B, A12, Beans!A:A, ">=2026-10-1", Beans!A:A,"<2026-11-1" ) -> 0 | Q12: =COUNTIFS(Beans!B:B, A12, Beans!A:A, ">=2026-11-1", Beans!A:A,"<2026-12-1" ) -> 0 | R12: =COUNTIFS(Beans!B:B, A12, Beans!A:A, ">=2026-12-1", Beans!A:A,"<2027-1-1" ) -> 0
A13: Stinky Socks | B13: Bad | C13: 3rd-Curr | E13: =SUM(G13:R13) -> 3 | F13: =IF(E12+E13 = 0, "n/a", E13/(E12+E13)) -> 0.5 | G13: =COUNTIFS(Beans!B:B, A13, Beans!A:A, ">=2026-1-1", Beans!A:A,"<2026-2-1" ) -> 0 | H13: =COUNTIFS(Beans!B:B, A13, Beans!A:A, ">=2026-2-1", Beans!A:A,"<2026-3-1" ) -> 0 | I13: =COUNTIFS(Beans!B:B, A13, Beans!A:A, ">=2026-3-1", Beans!A:A,"<2026-4-1" ) -> 0 | J13: =COUNTIFS(Beans!B:B, A13, Beans!A:A, ">=2026-4-1", Beans!A:A,"<2026-5-1" ) -> 0 | K13: =COUNTIFS(Beans!B:B, A13, Beans!A:A, ">=2026-5-1", Beans!A:A,"<2026-6-1" ) -> 0 | L13: =COUNTIFS(Beans!B:B, A13, Beans!A:A, ">=2026-6-1", Beans!A:A,"<2026-7-1" ) -> 0 | M13: =COUNTIFS(Beans!B:B, A13, Beans!A:A, ">=2026-7-1", Beans!A:A,"<2026-8-1" ) -> 0 | N13: =COUNTIFS(Beans!B:B, A13, Beans!A:A, ">=2026-8-1", Beans!A:A,"<2026-9-1" ) -> 1 | O13: =COUNTIFS(Beans!B:B, A13, Beans!A:A, ">=2026-9-1", Beans!A:A,"<2026-10-1" ) -> 2 | P13: =COUNTIFS(Beans!B:B, A13, Beans!A:A, ">=2026-10-1", Beans!A:A,"<2026-11-1" ) -> 0 | Q13: =COUNTIFS(Beans!B:B, A13, Beans!A:A, ">=2026-11-1", Beans!A:A,"<2026-12-1" ) -> 0 | R13: =COUNTIFS(Beans!B:B, A13, Beans!A:A, ">=2026-12-1", Beans!A:A,"<2027-1-1" ) -> 0
A14: Pomegranate | B14: Good | C14: 6th-Curr | D14: =D15 | E14: =SUM(G14:R14) -> 4 | F14: =IF(E14+E15 = 0, "n/a", E14/(E14+E15)) -> 0.28571429 | G14: =COUNTIFS(Beans!B:B, A14, Beans!A:A, ">=2026-1-1", Beans!A:A,"<2026-2-1" ) -> 0 | H14: =COUNTIFS(Beans!B:B, A14, Beans!A:A, ">=2026-2-1", Beans!A:A,"<2026-3-1" ) -> 2 | I14: =COUNTIFS(Beans!B:B, A14, Beans!A:A, ">=2026-3-1", Beans!A:A,"<2026-4-1" ) -> 0 | J14: =COUNTIFS(Beans!B:B, A14, Beans!A:A, ">=2026-4-1", Beans!A:A,"<2026-5-1" ) -> 0 | K14: =COUNTIFS(Beans!B:B, A14, Beans!A:A, ">=2026-5-1", Beans!A:A,"<2026-6-1" ) -> 1 | L14: =COUNTIFS(Beans!B:B, A14, Beans!A:A, ">=2026-6-1", Beans!A:A,"<2026-7-1" ) -> 0 | M14: =COUNTIFS(Beans!B:B, A14, Beans!A:A, ">=2026-7-1", Beans!A:A,"<2026-8-1" ) -> 0 | N14: =COUNTIFS(Beans!B:B, A14, Beans!A:A, ">=2026-8-1", Beans!A:A,"<2026-9-1" ) -> 1 | O14: =COUNTIFS(Beans!B:B, A14, Beans!A:A, ">=2026-9-1", Beans!A:A,"<2026-10-1" ) -> 0 | P14: =COUNTIFS(Beans!B:B, A14, Beans!A:A, ">=2026-10-1", Beans!A:A,"<2026-11-1" ) -> 0 | Q14: =COUNTIFS(Beans!B:B, A14, Beans!A:A, ">=2026-11-1", Beans!A:A,"<2026-12-1" ) -> 0 | R14: =COUNTIFS(Beans!B:B, A14, Beans!A:A, ">=2026-12-1", Beans!A:A,"<2027-1-1" ) -> 0
A15: Old Bandage | B15: Bad | C15: 6th-Curr | E15: =SUM(G15:R15) -> 10 | F15: =IF(E14+E15 = 0, "n/a", E15/(E14+E15)) -> 0.71428571 | G15: =COUNTIFS(Beans!B:B, A15, Beans!A:A, ">=2026-1-1", Beans!A:A,"<2026-2-1" ) -> 3 | H15: =COUNTIFS(Beans!B:B, A15, Beans!A:A, ">=2026-2-1", Beans!A:A,"<2026-3-1" ) -> 2 | I15: =COUNTIFS(Beans!B:B, A15, Beans!A:A, ">=2026-3-1", Beans!A:A,"<2026-4-1" ) -> 0 | J15: =COUNTIFS(Beans!B:B, A15, Beans!A:A, ">=2026-4-1", Beans!A:A,"<2026-5-1" ) -> 0 | K15: =COUNTIFS(Beans!B:B, A15, Beans!A:A, ">=2026-5-1", Beans!A:A,"<2026-6-1" ) -> 1 | L15: =COUNTIFS(Beans!B:B, A15, Beans!A:A, ">=2026-6-1", Beans!A:A,"<2026-7-1" ) -> 0 | M15: =COUNTIFS(Beans!B:B, A15, Beans!A:A, ">=2026-7-1", Beans!A:A,"<2026-8-1" ) -> 1 | N15: =COUNTIFS(Beans!B:B, A15, Beans!A:A, ">=2026-8-1", Beans!A:A,"<2026-9-1" ) -> 1 | O15: =COUNTIFS(Beans!B:B, A15, Beans!A:A, ">=2026-9-1", Beans!A:A,"<2026-10-1" ) -> 2 | P15: =COUNTIFS(Beans!B:B, A15, Beans!A:A, ">=2026-10-1", Beans!A:A,"<2026-11-1" ) -> 0 | Q15: =COUNTIFS(Beans!B:B, A15, Beans!A:A, ">=2026-11-1", Beans!A:A,"<2026-12-1" ) -> 0 | R15: =COUNTIFS(Beans!B:B, A15, Beans!A:A, ">=2026-12-1", Beans!A:A,"<2027-1-1" ) -> 0
A16: Toasted Marshmallow | B16: Good | C16: 5th-Curr | D16: =D17 | E16: =SUM(G16:R16) -> 3 | F16: =IF(E16+E17 = 0, "n/a", E16/(E16+E17)) -> 0.375 | G16: =COUNTIFS(Beans!B:B, A16, Beans!A:A, ">=2026-1-1", Beans!A:A,"<2026-2-1" ) -> 1 | H16: =COUNTIFS(Beans!B:B, A16, Beans!A:A, ">=2026-2-1", Beans!A:A,"<2026-3-1" ) -> 2 | I16: =COUNTIFS(Beans!B:B, A16, Beans!A:A, ">=2026-3-1", Beans!A:A,"<2026-4-1" ) -> 0 | J16: =COUNTIFS(Beans!B:B, A16, Beans!A:A, ">=2026-4-1", Beans!A:A,"<2026-5-1" ) -> 0 | K16: =COUNTIFS(Beans!B:B, A16, Beans!A:A, ">=2026-5-1", Beans!A:A,"<2026-6-1" ) -> 0 | L16: =COUNTIFS(Beans!B:B, A16, Beans!A:A, ">=2026-6-1", Beans!A:A,"<2026-7-1" ) -> 0 | M16: =COUNTIFS(Beans!B:B, A16, Beans!A:A, ">=2026-7-1", Beans!A:A,"<2026-8-1" ) -> 0 | N16: =COUNTIFS(Beans!B:B, A16, Beans!A:A, ">=2026-8-1", Beans!A:A,"<2026-9-1" ) -> 0 | O16: =COUNTIFS(Beans!B:B, A16, Beans!A:A, ">=2026-9-1", Beans!A:A,"<2026-10-1" ) -> 0 | P16: =COUNTIFS(Beans!B:B, A16, Beans!A:A, ">=2026-10-1", Beans!A:A,"<2026-11-1" ) -> 0 | Q16: =COUNTIFS(Beans!B:B, A16, Beans!A:A, ">=2026-11-1", Beans!A:A,"<2026-12-1" ) -> 0 | R16: =COUNTIFS(Beans!B:B, A16, Beans!A:A, ">=2026-12-1", Beans!A:A,"<2027-1-1" ) -> 0
A17: Stink Bug | B17: Bad | C17: 5th-Curr | E17: =SUM(G17:R17) -> 5 | F17: =IF(E16+E17 = 0, "n/a", E17/(E16+E17)) -> 0.625 | G17: =COUNTIFS(Beans!B:B, A17, Beans!A:A, ">=2026-1-1", Beans!A:A,"<2026-2-1" ) -> 2 | H17: =COUNTIFS(Beans!B:B, A17, Beans!A:A, ">=2026-2-1", Beans!A:A,"<2026-3-1" ) -> 0 | I17: =COUNTIFS(Beans!B:B, A17, Beans!A:A, ">=2026-3-1", Beans!A:A,"<2026-4-1" ) -> 0 | J17: =COUNTIFS(Beans!B:B, A17, Beans!A:A, ">=2026-4-1", Beans!A:A,"<2026-5-1" ) -> 1 | K17: =COUNTIFS(Beans!B:B, A17, Beans!A:A, ">=2026-5-1", Beans!A:A,"<2026-6-1" ) -> 1 | L17: =COUNTIFS(Beans!B:B, A17, Beans!A:A, ">=2026-6-1", Beans!A:A,"<2026-7-1" ) -> 0 | M17: =COUNTIFS(Beans!B:B, A17, Beans!A:A, ">=2026-7-1", Beans!A:A,"<2026-8-1" ) -> 0 | N17: =COUNTIFS(Beans!B:B, A17, Beans!A:A, ">=2026-8-1", Beans!A:A,"<2026-9-1" ) -> 0 | O17: =COUNTIFS(Beans!B:B, A17, Beans!A:A, ">=2026-9-1", Beans!A:A,"<2026-10-1" ) -> 1 | P17: =COUNTIFS(Beans!B:B, A17, Beans!A:A, ">=2026-10-1", Beans!A:A,"<2026-11-1" ) -> 0 | Q17: =COUNTIFS(Beans!B:B, A17, Beans!A:A, ">=2026-11-1", Beans!A:A,"<2026-12-1" ) -> 0 | R17: =COUNTIFS(Beans!B:B, A17, Beans!A:A, ">=2026-12-1", Beans!A:A,"<2027-1-1" ) -> 0
A18: Cappuccino | B18: Good | C18: 6th-Curr | D18: =D19 | E18: =SUM(G18:R18) -> 2 | F18: =IF(E18+E19 = 0, "n/a", E18/(E18+E19)) -> 0.28571429 | G18: =COUNTIFS(Beans!B:B, A18, Beans!A:A, ">=2026-1-1", Beans!A:A,"<2026-2-1" ) -> 0 | H18: =COUNTIFS(Beans!B:B, A18, Beans!A:A, ">=2026-2-1", Beans!A:A,"<2026-3-1" ) -> 0 | I18: =COUNTIFS(Beans!B:B, A18, Beans!A:A, ">=2026-3-1", Beans!A:A,"<2026-4-1" ) -> 0 | J18: =COUNTIFS(Beans!B:B, A18, Beans!A:A, ">=2026-4-1", Beans!A:A,"<2026-5-1" ) -> 0 | K18: =COUNTIFS(Beans!B:B, A18, Beans!A:A, ">=2026-5-1", Beans!A:A,"<2026-6-1" ) -> 0 | L18: =COUNTIFS(Beans!B:B, A18, Beans!A:A, ">=2026-6-1", Beans!A:A,"<2026-7-1" ) -> 0 | M18: =COUNTIFS(Beans!B:B, A18, Beans!A:A, ">=2026-7-1", Beans!A:A,"<2026-8-1" ) -> 0 | N18: =COUNTIFS(Beans!B:B, A18, Beans!A:A, ">=2026-8-1", Beans!A:A,"<2026-9-1" ) -> 1 | O18: =COUNTIFS(Beans!B:B, A18, Beans!A:A, ">=2026-9-1", Beans!A:A,"<2026-10-1" ) -> 1 | P18: =COUNTIFS(Beans!B:B, A18, Beans!A:A, ">=2026-10-1", Beans!A:A,"<2026-11-1" ) -> 0 | Q18: =COUNTIFS(Beans!B:B, A18, Beans!A:A, ">=2026-11-1", Beans!A:A,"<2026-12-1" ) -> 0 | R18: =COUNTIFS(Beans!B:B, A18, Beans!A:A, ">=2026-12-1", Beans!A:A,"<2027-1-1" ) -> 0
A19: Liver & Onion | B19: Bad | C19: 6th-Curr | E19: =SUM(G19:R19) -> 5 | F19: =IF(E18+E19 = 0, "n/a", E19/(E18+E19)) -> 0.71428571 | G19: =COUNTIFS(Beans!B:B, A19, Beans!A:A, ">=2026-1-1", Beans!A:A,"<2026-2-1" ) -> 2 | H19: =COUNTIFS(Beans!B:B, A19, Beans!A:A, ">=2026-2-1", Beans!A:A,"<2026-3-1" ) -> 0 | I19: =COUNTIFS(Beans!B:B, A19, Beans!A:A, ">=2026-3-1", Beans!A:A,"<2026-4-1" ) -> 0 | J19: =COUNTIFS(Beans!B:B, A19, Beans!A:A, ">=2026-4-1", Beans!A:A,"<2026-5-1" ) -> 0 | K19: =COUNTIFS(Beans!B:B, A19, Beans!A:A, ">=2026-5-1", Beans!A:A,"<2026-6-1" ) -> 0 | L19: =COUNTIFS(Beans!B:B, A19, Beans!A:A, ">=2026-6-1", Beans!A:A,"<2026-7-1" ) -> 0 | M19: =COUNTIFS(Beans!B:B, A19, Beans!A:A, ">=2026-7-1", Beans!A:A,"<2026-8-1" ) -> 0 | N19: =COUNTIFS(Beans!B:B, A19, Beans!A:A, ">=2026-8-1", Beans!A:A,"<2026-9-1" ) -> 1 | O19: =COUNTIFS(Beans!B:B, A19, Beans!A:A, ">=2026-9-1", Beans!A:A,"<2026-10-1" ) -> 2 | P19: =COUNTIFS(Beans!B:B, A19, Beans!A:A, ">=2026-10-1", Beans!A:A,"<2026-11-1" ) -> 0 | Q19: =COUNTIFS(Beans!B:B, A19, Beans!A:A, ">=2026-11-1", Beans!A:A,"<2026-12-1" ) -> 0 | R19: =COUNTIFS(Beans!B:B, A19, Beans!A:A, ">=2026-12-1", Beans!A:A,"<2027-1-1" ) -> 0
A20: Buttered Popcorn | B20: Good | C20: 1st-Curr | D20: =D21 | E20: =SUM(G20:R20) -> 0 | F20: =IF(E20+E21 = 0, "n/a", E20/(E20+E21)) -> n/a | G20: =COUNTIFS(Beans!B:B, A20, Beans!A:A, ">=2026-1-1", Beans!A:A,"<2026-2-1" ) -> 0 | H20: =COUNTIFS(Beans!B:B, A20, Beans!A:A, ">=2026-2-1", Beans!A:A,"<2026-3-1" ) -> 0 | I20: =COUNTIFS(Beans!B:B, A20, Beans!A:A, ">=2026-3-1", Beans!A:A,"<2026-4-1" ) -> 0 | J20: =COUNTIFS(Beans!B:B, A20, Beans!A:A, ">=2026-4-1", Beans!A:A,"<2026-5-1" ) -> 0 | K20: =COUNTIFS(Beans!B:B, A20, Beans!A:A, ">=2026-5-1", Beans!A:A,"<2026-6-1" ) -> 0 | L20: =COUNTIFS(Beans!B:B, A20, Beans!A:A, ">=2026-6-1", Beans!A:A,"<2026-7-1" ) -> 0 | M20: =COUNTIFS(Beans!B:B, A20, Beans!A:A, ">=2026-7-1", Beans!A:A,"<2026-8-1" ) -> 0 | N20: =COUNTIFS(Beans!B:B, A20, Beans!A:A, ">=2026-8-1", Beans!A:A,"<2026-9-1" ) -> 0 | O20: =COUNTIFS(Beans!B:B, A20, Beans!A:A, ">=2026-9-1", Beans!A:A,"<2026-10-1" ) -> 0 | P20: =COUNTIFS(Beans!B:B, A20, Beans!A:A, ">=2026-10-1", Beans!A:A,"<2026-11-1" ) -> 0 | Q20: =COUNTIFS(Beans!B:B, A20, Beans!A:A, ">=2026-11-1", Beans!A:A,"<2026-12-1" ) -> 0 | R20: =COUNTIFS(Beans!B:B, A20, Beans!A:A, ">=2026-12-1", Beans!A:A,"<2027-1-1" ) -> 0
A21: Rotten Egg | B21: Bad | C21: 1st-Curr | E21: =SUM(G21:R21) -> 0 | F21: =IF(E20+E21 = 0, "n/a", E21/(E20+E21)) -> n/a | G21: =COUNTIFS(Beans!B:B, A21, Beans!A:A, ">=2026-1-1", Beans!A:A,"<2026-2-1" ) -> 0 | H21: =COUNTIFS(Beans!B:B, A21, Beans!A:A, ">=2026-2-1", Beans!A:A,"<2026-3-1" ) -> 0 | I21: =COUNTIFS(Beans!B:B, A21, Beans!A:A, ">=2026-3-1", Beans!A:A,"<2026-4-1" ) -> 0 | J21: =COUNTIFS(Beans!B:B, A21, Beans!A:A, ">=2026-4-1", Beans!A:A,"<2026-5-1" ) -> 0 | K21: =COUNTIFS(Beans!B:B, A21, Beans!A:A, ">=2026-5-1", Beans!A:A,"<2026-6-1" ) -> 0 | L21: =COUNTIFS(Beans!B:B, A21, Beans!A:A, ">=2026-6-1", Beans!A:A,"<2026-7-1" ) -> 0 | M21: =COUNTIFS(Beans!B:B, A21, Beans!A:A, ">=2026-7-1", Beans!A:A,"<2026-8-1" ) -> 0 | N21: =COUNTIFS(Beans!B:B, A21, Beans!A:A, ">=2026-8-1", Beans!A:A,"<2026-9-1" ) -> 0 | O21: =COUNTIFS(Beans!B:B, A21, Beans!A:A, ">=2026-9-1", Beans!A:A,"<2026-10-1" ) -> 0 | P21: =COUNTIFS(Beans!B:B, A21, Beans!A:A, ">=2026-10-1", Beans!A:A,"<2026-11-1" ) -> 0 | Q21: =COUNTIFS(Beans!B:B, A21, Beans!A:A, ">=2026-11-1", Beans!A:A,"<2026-12-1" ) -> 0 | R21: =COUNTIFS(Beans!B:B, A21, Beans!A:A, ">=2026-12-1", Beans!A:A,"<2027-1-1" ) -> 0
A22: Chocolate Pudding | B22: Good | C22: 2nd-5th | D22: =D23 | E22: =SUM(G22:R22) -> 0 | F22: =IF(E22+E23 = 0, "n/a", E22/(E22+E23)) -> n/a | G22: =COUNTIFS(Beans!B:B, A22, Beans!A:A, ">=2026-1-1", Beans!A:A,"<2026-2-1" ) -> 0 | H22: =COUNTIFS(Beans!B:B, A22, Beans!A:A, ">=2026-2-1", Beans!A:A,"<2026-3-1" ) -> 0 | I22: =COUNTIFS(Beans!B:B, A22, Beans!A:A, ">=2026-3-1", Beans!A:A,"<2026-4-1" ) -> 0 | J22: =COUNTIFS(Beans!B:B, A22, Beans!A:A, ">=2026-4-1", Beans!A:A,"<2026-5-1" ) -> 0 | K22: =COUNTIFS(Beans!B:B, A22, Beans!A:A, ">=2026-5-1", Beans!A:A,"<2026-6-1" ) -> 0 | L22: =COUNTIFS(Beans!B:B, A22, Beans!A:A, ">=2026-6-1", Beans!A:A,"<2026-7-1" ) -> 0 | M22: =COUNTIFS(Beans!B:B, A22, Beans!A:A, ">=2026-7-1", Beans!A:A,"<2026-8-1" ) -> 0 | N22: =COUNTIFS(Beans!B:B, A22, Beans!A:A, ">=2026-8-1", Beans!A:A,"<2026-9-1" ) -> 0 | O22: =COUNTIFS(Beans!B:B, A22, Beans!A:A, ">=2026-9-1", Beans!A:A,"<2026-10-1" ) -> 0 | P22: =COUNTIFS(Beans!B:B, A22, Beans!A:A, ">=2026-10-1", Beans!A:A,"<2026-11-1" ) -> 0 | Q22: =COUNTIFS(Beans!B:B, A22, Beans!A:A, ">=2026-11-1", Beans!A:A,"<2026-12-1" ) -> 0 | R22: =COUNTIFS(Beans!B:B, A22, Beans!A:A, ">=2026-12-1", Beans!A:A,"<2027-1-1" ) -> 0
A23: Dog Food | B23: Bad | C23: 2nd-5th | E23: =SUM(G23:R23) -> 0 | F23: =IF(E22+E23 = 0, "n/a", E23/(E22+E23)) -> n/a | G23: =COUNTIFS(Beans!B:B, A23, Beans!A:A, ">=2026-1-1", Beans!A:A,"<2026-2-1" ) -> 0 | H23: =COUNTIFS(Beans!B:B, A23, Beans!A:A, ">=2026-2-1", Beans!A:A,"<2026-3-1" ) -> 0 | I23: =COUNTIFS(Beans!B:B, A23, Beans!A:A, ">=2026-3-1", Beans!A:A,"<2026-4-1" ) -> 0 | J23: =COUNTIFS(Beans!B:B, A23, Beans!A:A, ">=2026-4-1", Beans!A:A,"<2026-5-1" ) -> 0 | K23: =COUNTIFS(Beans!B:B, A23, Beans!A:A, ">=2026-5-1", Beans!A:A,"<2026-6-1" ) -> 0 | L23: =COUNTIFS(Beans!B:B, A23, Beans!A:A, ">=2026-6-1", Beans!A:A,"<2026-7-1" ) -> 0 | M23: =COUNTIFS(Beans!B:B, A23, Beans!A:A, ">=2026-7-1", Beans!A:A,"<2026-8-1" ) -> 0 | N23: =COUNTIFS(Beans!B:B, A23, Beans!A:A, ">=2026-8-1", Beans!A:A,"<2026-9-1" ) -> 0 | O23: =COUNTIFS(Beans!B:B, A23, Beans!A:A, ">=2026-9-1", Beans!A:A,"<2026-10-1" ) -> 0 | P23: =COUNTIFS(Beans!B:B, A23, Beans!A:A, ">=2026-10-1", Beans!A:A,"<2026-11-1" ) -> 0 | Q23: =COUNTIFS(Beans!B:B, A23, Beans!A:A, ">=2026-11-1", Beans!A:A,"<2026-12-1" ) -> 0 | R23: =COUNTIFS(Beans!B:B, A23, Beans!A:A, ">=2026-12-1", Beans!A:A,"<2027-1-1" ) -> 0
A24: Coconut | B24: Good | C24: 4th-5th | D24: =D25 | E24: =SUM(G24:R24) -> 0 | F24: =IF(E24+E25 = 0, "n/a", E24/(E24+E25)) -> n/a | G24: =COUNTIFS(Beans!B:B, A24, Beans!A:A, ">=2026-1-1", Beans!A:A,"<2026-2-1" ) -> 0 | H24: =COUNTIFS(Beans!B:B, A24, Beans!A:A, ">=2026-2-1", Beans!A:A,"<2026-3-1" ) -> 0 | I24: =COUNTIFS(Beans!B:B, A24, Beans!A:A, ">=2026-3-1", Beans!A:A,"<2026-4-1" ) -> 0 | J24: =COUNTIFS(Beans!B:B, A24, Beans!A:A, ">=2026-4-1", Beans!A:A,"<2026-5-1" ) -> 0 | K24: =COUNTIFS(Beans!B:B, A24, Beans!A:A, ">=2026-5-1", Beans!A:A,"<2026-6-1" ) -> 0 | L24: =COUNTIFS(Beans!B:B, A24, Beans!A:A, ">=2026-6-1", Beans!A:A,"<2026-7-1" ) -> 0 | M24: =COUNTIFS(Beans!B:B, A24, Beans!A:A, ">=2026-7-1", Beans!A:A,"<2026-8-1" ) -> 0 | N24: =COUNTIFS(Beans!B:B, A24, Beans!A:A, ">=2026-8-1", Beans!A:A,"<2026-9-1" ) -> 0 | O24: =COUNTIFS(Beans!B:B, A24, Beans!A:A, ">=2026-9-1", Beans!A:A,"<2026-10-1" ) -> 0 | P24: =COUNTIFS(Beans!B:B, A24, Beans!A:A, ">=2026-10-1", Beans!A:A,"<2026-11-1" ) -> 0 | Q24: =COUNTIFS(Beans!B:B, A24, Beans!A:A, ">=2026-11-1", Beans!A:A,"<2026-12-1" ) -> 0 | R24: =COUNTIFS(Beans!B:B, A24, Beans!A:A, ">=2026-12-1", Beans!A:A,"<2027-1-1" ) -> 0
A25: Spoiled Milk | B25: Bad | C25: 4th-5th | E25: =SUM(G25:R25) -> 0 | F25: =IF(E24+E25 = 0, "n/a", E25/(E24+E25)) -> n/a | G25: =COUNTIFS(Beans!B:B, A25, Beans!A:A, ">=2026-1-1", Beans!A:A,"<2026-2-1" ) -> 0 | H25: =COUNTIFS(Beans!B:B, A25, Beans!A:A, ">=2026-2-1", Beans!A:A,"<2026-3-1" ) -> 0 | I25: =COUNTIFS(Beans!B:B, A25, Beans!A:A, ">=2026-3-1", Beans!A:A,"<2026-4-1" ) -> 0 | J25: =COUNTIFS(Beans!B:B, A25, Beans!A:A, ">=2026-4-1", Beans!A:A,"<2026-5-1" ) -> 0 | K25: =COUNTIFS(Beans!B:B, A25, Beans!A:A, ">=2026-5-1", Beans!A:A,"<2026-6-1" ) -> 0 | L25: =COUNTIFS(Beans!B:B, A25, Beans!A:A, ">=2026-6-1", Beans!A:A,"<2026-7-1" ) -> 0 | M25: =COUNTIFS(Beans!B:B, A25, Beans!A:A, ">=2026-7-1", Beans!A:A,"<2026-8-1" ) -> 0 | N25: =COUNTIFS(Beans!B:B, A25, Beans!A:A, ">=2026-8-1", Beans!A:A,"<2026-9-1" ) -> 0 | O25: =COUNTIFS(Beans!B:B, A25, Beans!A:A, ">=2026-9-1", Beans!A:A,"<2026-10-1" ) -> 0 | P25: =COUNTIFS(Beans!B:B, A25, Beans!A:A, ">=2026-10-1", Beans!A:A,"<2026-11-1" ) -> 0 | Q25: =COUNTIFS(Beans!B:B, A25, Beans!A:A, ">=2026-11-1", Beans!A:A,"<2026-12-1" ) -> 0 | R25: =COUNTIFS(Beans!B:B, A25, Beans!A:A, ">=2026-12-1", Beans!A:A,"<2027-1-1" ) -> 0
A26: ='Overall Bean Summary'!A26 -> Top Banana | B26: ='Overall Bean Summary'!B26 -> Good | C26: ='Overall Bean Summary'!C26 -> 7th-Curr | D26: ='Overall Bean Summary'!D26 | E26: =SUM(G26:R26) -> 1 | F26: =IF(E25+E26 = 0, "n/a", E26/(E25+E26)) -> 1 | G26: =COUNTIFS(Beans!B:B, A26, Beans!A:A, ">=2026-1-1", Beans!A:A,"<2026-2-1" ) -> 0 | H26: =COUNTIFS(Beans!B:B, A26, Beans!A:A, ">=2026-2-1", Beans!A:A,"<2026-3-1" ) -> 0 | I26: =COUNTIFS(Beans!B:B, A26, Beans!A:A, ">=2026-3-1", Beans!A:A,"<2026-4-1" ) -> 0 | J26: =COUNTIFS(Beans!B:B, A26, Beans!A:A, ">=2026-4-1", Beans!A:A,"<2026-5-1" ) -> 0 | K26: =COUNTIFS(Beans!B:B, A26, Beans!A:A, ">=2026-5-1", Beans!A:A,"<2026-6-1" ) -> 0 | L26: =COUNTIFS(Beans!B:B, A26, Beans!A:A, ">=2026-6-1", Beans!A:A,"<2026-7-1" ) -> 0 | M26: =COUNTIFS(Beans!B:B, A26, Beans!A:A, ">=2026-7-1", Beans!A:A,"<2026-8-1" ) -> 0 | N26: =COUNTIFS(Beans!B:B, A26, Beans!A:A, ">=2026-8-1", Beans!A:A,"<2026-9-1" ) -> 0 | O26: =COUNTIFS(Beans!B:B, A26, Beans!A:A, ">=2026-9-1", Beans!A:A,"<2026-10-1" ) -> 1 | P26: =COUNTIFS(Beans!B:B, A26, Beans!A:A, ">=2026-10-1", Beans!A:A,"<2026-11-1" ) -> 0 | Q26: =COUNTIFS(Beans!B:B, A26, Beans!A:A, ">=2026-11-1", Beans!A:A,"<2026-12-1" ) -> 0 | R26: =COUNTIFS(Beans!B:B, A26, Beans!A:A, ">=2026-12-1", Beans!A:A,"<2027-1-1" ) -> 0
A27: ='Overall Bean Summary'!A27 -> Wet Dog | B27: ='Overall Bean Summary'!B27 -> Bad | C27: ='Overall Bean Summary'!C27 -> 7th-Curr | D27: ='Overall Bean Summary'!D27 | E27: =SUM(G27:R27) -> 13 | F27: =IF(E26+E27 = 0, "n/a", E27/(E26+E27)) -> 0.92857143 | G27: =COUNTIFS(Beans!B:B, A27, Beans!A:A, ">=2026-1-1", Beans!A:A,"<2026-2-1" ) -> 3 | H27: =COUNTIFS(Beans!B:B, A27, Beans!A:A, ">=2026-2-1", Beans!A:A,"<2026-3-1" ) -> 3 | I27: =COUNTIFS(Beans!B:B, A27, Beans!A:A, ">=2026-3-1", Beans!A:A,"<2026-4-1" ) -> 1 | J27: =COUNTIFS(Beans!B:B, A27, Beans!A:A, ">=2026-4-1", Beans!A:A,"<2026-5-1" ) -> 1 | K27: =COUNTIFS(Beans!B:B, A27, Beans!A:A, ">=2026-5-1", Beans!A:A,"<2026-6-1" ) -> 0 | L27: =COUNTIFS(Beans!B:B, A27, Beans!A:A, ">=2026-6-1", Beans!A:A,"<2026-7-1" ) -> 0 | M27: =COUNTIFS(Beans!B:B, A27, Beans!A:A, ">=2026-7-1", Beans!A:A,"<2026-8-1" ) -> 0 | N27: =COUNTIFS(Beans!B:B, A27, Beans!A:A, ">=2026-8-1", Beans!A:A,"<2026-9-1" ) -> 2 | O27: =COUNTIFS(Beans!B:B, A27, Beans!A:A, ">=2026-9-1", Beans!A:A,"<2026-10-1" ) -> 3 | P27: =COUNTIFS(Beans!B:B, A27, Beans!A:A, ">=2026-10-1", Beans!A:A,"<2026-11-1" ) -> 0 | Q27: =COUNTIFS(Beans!B:B, A27, Beans!A:A, ">=2026-11-1", Beans!A:A,"<2026-12-1" ) -> 0 | R27: =COUNTIFS(Beans!B:B, A27, Beans!A:A, ">=2026-12-1", Beans!A:A,"<2027-1-1" ) -> 0
A28: ='Overall Bean Summary'!A28 -> Licorice | B28: ='Overall Bean Summary'!B28 -> Good | C28: ='Overall Bean Summary'!C28 -> 7th-Curr | D28: ='Overall Bean Summary'!D28 | E28: =SUM(G28:R28) -> 2 | F28: =IF(E27+E28 = 0, "n/a", E28/(E27+E28)) -> 0.13333333 | G28: =COUNTIFS(Beans!B:B, A28, Beans!A:A, ">=2026-1-1", Beans!A:A,"<2026-2-1" ) -> 0 | H28: =COUNTIFS(Beans!B:B, A28, Beans!A:A, ">=2026-2-1", Beans!A:A,"<2026-3-1" ) -> 0 | I28: =COUNTIFS(Beans!B:B, A28, Beans!A:A, ">=2026-3-1", Beans!A:A,"<2026-4-1" ) -> 0 | J28: =COUNTIFS(Beans!B:B, A28, Beans!A:A, ">=2026-4-1", Beans!A:A,"<2026-5-1" ) -> 1 | K28: =COUNTIFS(Beans!B:B, A28, Beans!A:A, ">=2026-5-1", Beans!A:A,"<2026-6-1" ) -> 0 | L28: =COUNTIFS(Beans!B:B, A28, Beans!A:A, ">=2026-6-1", Beans!A:A,"<2026-7-1" ) -> 0 | M28: =COUNTIFS(Beans!B:B, A28, Beans!A:A, ">=2026-7-1", Beans!A:A,"<2026-8-1" ) -> 0 | N28: =COUNTIFS(Beans!B:B, A28, Beans!A:A, ">=2026-8-1", Beans!A:A,"<2026-9-1" ) -> 0 | O28: =COUNTIFS(Beans!B:B, A28, Beans!A:A, ">=2026-9-1", Beans!A:A,"<2026-10-1" ) -> 1 | P28: =COUNTIFS(Beans!B:B, A28, Beans!A:A, ">=2026-10-1", Beans!A:A,"<2026-11-1" ) -> 0 | Q28: =COUNTIFS(Beans!B:B, A28, Beans!A:A, ">=2026-11-1", Beans!A:A,"<2026-12-1" ) -> 0 | R28: =COUNTIFS(Beans!B:B, A28, Beans!A:A, ">=2026-12-1", Beans!A:A,"<2027-1-1" ) -> 0
A29: ='Overall Bean Summary'!A29 -> Burnt Rubber | B29: ='Overall Bean Summary'!B29 -> Bad | C29: ='Overall Bean Summary'!C29 -> 7th-Curr | D29: ='Overall Bean Summary'!D29 | E29: =SUM(G29:R29) -> 2 | F29: =IF(E28+E29 = 0, "n/a", E29/(E28+E29)) -> 0.5 | G29: =COUNTIFS(Beans!B:B, A29, Beans!A:A, ">=2026-1-1", Beans!A:A,"<2026-2-1" ) -> 0 | H29: =COUNTIFS(Beans!B:B, A29, Beans!A:A, ">=2026-2-1", Beans!A:A,"<2026-3-1" ) -> 0 | I29: =COUNTIFS(Beans!B:B, A29, Beans!A:A, ">=2026-3-1", Beans!A:A,"<2026-4-1" ) -> 0 | J29: =COUNTIFS(Beans!B:B, A29, Beans!A:A, ">=2026-4-1", Beans!A:A,"<2026-5-1" ) -> 0 | K29: =COUNTIFS(Beans!B:B, A29, Beans!A:A, ">=2026-5-1", Beans!A:A,"<2026-6-1" ) -> 0 | L29: =COUNTIFS(Beans!B:B, A29, Beans!A:A, ">=2026-6-1", Beans!A:A,"<2026-7-1" ) -> 0 | M29: =COUNTIFS(Beans!B:B, A29, Beans!A:A, ">=2026-7-1", Beans!A:A,"<2026-8-1" ) -> 0 | N29: =COUNTIFS(Beans!B:B, A29, Beans!A:A, ">=2026-8-1", Beans!A:A,"<2026-9-1" ) -> 1 | O29: =COUNTIFS(Beans!B:B, A29, Beans!A:A, ">=2026-9-1", Beans!A:A,"<2026-10-1" ) -> 1 | P29: =COUNTIFS(Beans!B:B, A29, Beans!A:A, ">=2026-10-1", Beans!A:A,"<2026-11-1" ) -> 0 | Q29: =COUNTIFS(Beans!B:B, A29, Beans!A:A, ">=2026-11-1", Beans!A:A,"<2026-12-1" ) -> 0 | R29: =COUNTIFS(Beans!B:B, A29, Beans!A:A, ">=2026-12-1", Beans!A:A,"<2027-1-1" ) -> 0
A30: Sriracha | B30: Spicy | C30: Firey Five | E30: =SUM(G30:R30) -> 0 | F30: =IF(E30+E31+E32+E33+E34 = 0, "n/a", E30/(E30+E31+E32+E33+E34)) -> n/a | G30: =COUNTIFS(Beans!B:B, A30, Beans!A:A, ">=2026-1-1", Beans!A:A,"<2026-2-1" ) -> 0 | H30: =COUNTIFS(Beans!B:B, A30, Beans!A:A, ">=2026-2-1", Beans!A:A,"<2026-3-1" ) -> 0 | I30: =COUNTIFS(Beans!B:B, A30, Beans!A:A, ">=2026-3-1", Beans!A:A,"<2026-4-1" ) -> 0 | J30: =COUNTIFS(Beans!B:B, A30, Beans!A:A, ">=2026-4-1", Beans!A:A,"<2026-5-1" ) -> 0 | K30: =COUNTIFS(Beans!B:B, A30, Beans!A:A, ">=2026-5-1", Beans!A:A,"<2026-6-1" ) -> 0 | L30: =COUNTIFS(Beans!B:B, A30, Beans!A:A, ">=2026-6-1", Beans!A:A,"<2026-7-1" ) -> 0 | M30: =COUNTIFS(Beans!B:B, A30, Beans!A:A, ">=2026-7-1", Beans!A:A,"<2026-8-1" ) -> 0 | N30: =COUNTIFS(Beans!B:B, A30, Beans!A:A, ">=2026-8-1", Beans!A:A,"<2026-9-1" ) -> 0 | O30: =COUNTIFS(Beans!B:B, A30, Beans!A:A, ">=2026-9-1", Beans!A:A,"<2026-10-1" ) -> 0 | P30: =COUNTIFS(Beans!B:B, A30, Beans!A:A, ">=2026-10-1", Beans!A:A,"<2026-11-1" ) -> 0 | Q30: =COUNTIFS(Beans!B:B, A30, Beans!A:A, ">=2026-11-1", Beans!A:A,"<2026-12-1" ) -> 0 | R30: =COUNTIFS(Beans!B:B, A30, Beans!A:A, ">=2026-12-1", Beans!A:A,"<2027-1-1" ) -> 0
A31: Jalapeño | B31: Spicy | C31: Firey Five | E31: =SUM(G31:R31) -> 0 | F31: =IF(E30+E31+E32+E33+E34 = 0, "n/a", E31/(E30+E31+E32+E33+E34)) -> n/a | G31: =COUNTIFS(Beans!B:B, A31, Beans!A:A, ">=2026-1-1", Beans!A:A,"<2026-2-1" ) -> 0 | H31: =COUNTIFS(Beans!B:B, A31, Beans!A:A, ">=2026-2-1", Beans!A:A,"<2026-3-1" ) -> 0 | I31: =COUNTIFS(Beans!B:B, A31, Beans!A:A, ">=2026-3-1", Beans!A:A,"<2026-4-1" ) -> 0 | J31: =COUNTIFS(Beans!B:B, A31, Beans!A:A, ">=2026-4-1", Beans!A:A,"<2026-5-1" ) -> 0 | K31: =COUNTIFS(Beans!B:B, A31, Beans!A:A, ">=2026-5-1", Beans!A:A,"<2026-6-1" ) -> 0 | L31: =COUNTIFS(Beans!B:B, A31, Beans!A:A, ">=2026-6-1", Beans!A:A,"<2026-7-1" ) -> 0 | M31: =COUNTIFS(Beans!B:B, A31, Beans!A:A, ">=2026-7-1", Beans!A:A,"<2026-8-1" ) -> 0 | N31: =COUNTIFS(Beans!B:B, A31, Beans!A:A, ">=2026-8-1", Beans!A:A,"<2026-9-1" ) -> 0 | O31: =COUNTIFS(Beans!B:B, A31, Beans!A:A, ">=2026-9-1", Beans!A:A,"<2026-10-1" ) -> 0 | P31: =COUNTIFS(Beans!B:B, A31, Beans!A:A, ">=2026-10-1", Beans!A:A,"<2026-11-1" ) -> 0 | Q31: =COUNTIFS(Beans!B:B, A31, Beans!A:A, ">=2026-11-1", Beans!A:A,"<2026-12-1" ) -> 0 | R31: =COUNTIFS(Beans!B:B, A31, Beans!A:A, ">=2026-12-1", Beans!A:A,"<2027-1-1" ) -> 0
A32: Cayenne | B32: Spicy | C32: Firey Five | E32: =SUM(G32:R32) -> 0 | F32: =IF(E30+E31+E32+E33+E34 = 0, "n/a", E32/(E30+E31+E32+E33+E34)) -> n/a | G32: =COUNTIFS(Beans!B:B, A32, Beans!A:A, ">=2026-1-1", Beans!A:A,"<2026-2-1" ) -> 0 | H32: =COUNTIFS(Beans!B:B, A32, Beans!A:A, ">=2026-2-1", Beans!A:A,"<2026-3-1" ) -> 0 | I32: =COUNTIFS(Beans!B:B, A32, Beans!A:A, ">=2026-3-1", Beans!A:A,"<2026-4-1" ) -> 0 | J32: =COUNTIFS(Beans!B:B, A32, Beans!A:A, ">=2026-4-1", Beans!A:A,"<2026-5-1" ) -> 0 | K32: =COUNTIFS(Beans!B:B, A32, Beans!A:A, ">=2026-5-1", Beans!A:A,"<2026-6-1" ) -> 0 | L32: =COUNTIFS(Beans!B:B, A32, Beans!A:A, ">=2026-6-1", Beans!A:A,"<2026-7-1" ) -> 0 | M32: =COUNTIFS(Beans!B:B, A32, Beans!A:A, ">=2026-7-1", Beans!A:A,"<2026-8-1" ) -> 0 | N32: =COUNTIFS(Beans!B:B, A32, Beans!A:A, ">=2026-8-1", Beans!A:A,"<2026-9-1" ) -> 0 | O32: =COUNTIFS(Beans!B:B, A32, Beans!A:A, ">=2026-9-1", Beans!A:A,"<2026-10-1" ) -> 0 | P32: =COUNTIFS(Beans!B:B, A32, Beans!A:A, ">=2026-10-1", Beans!A:A,"<2026-11-1" ) -> 0 | Q32: =COUNTIFS(Beans!B:B, A32, Beans!A:A, ">=2026-11-1", Beans!A:A,"<2026-12-1" ) -> 0 | R32: =COUNTIFS(Beans!B:B, A32, Beans!A:A, ">=2026-12-1", Beans!A:A,"<2027-1-1" ) -> 0
A33: Habanero | B33: Spicy | C33: Firey Five | E33: =SUM(G33:R33) -> 0 | F33: =IF(E30+E31+E32+E33+E34 = 0, "n/a", E33/(E30+E31+E32+E33+E34)) -> n/a | G33: =COUNTIFS(Beans!B:B, A33, Beans!A:A, ">=2026-1-1", Beans!A:A,"<2026-2-1" ) -> 0 | H33: =COUNTIFS(Beans!B:B, A33, Beans!A:A, ">=2026-2-1", Beans!A:A,"<2026-3-1" ) -> 0 | I33: =COUNTIFS(Beans!B:B, A33, Beans!A:A, ">=2026-3-1", Beans!A:A,"<2026-4-1" ) -> 0 | J33: =COUNTIFS(Beans!B:B, A33, Beans!A:A, ">=2026-4-1", Beans!A:A,"<2026-5-1" ) -> 0 | K33: =COUNTIFS(Beans!B:B, A33, Beans!A:A, ">=2026-5-1", Beans!A:A,"<2026-6-1" ) -> 0 | L33: =COUNTIFS(Beans!B:B, A33, Beans!A:A, ">=2026-6-1", Beans!A:A,"<2026-7-1" ) -> 0 | M33: =COUNTIFS(Beans!B:B, A33, Beans!A:A, ">=2026-7-1", Beans!A:A,"<2026-8-1" ) -> 0 | N33: =COUNTIFS(Beans!B:B, A33, Beans!A:A, ">=2026-8-1", Beans!A:A,"<2026-9-1" ) -> 0 | O33: =COUNTIFS(Beans!B:B, A33, Beans!A:A, ">=2026-9-1", Beans!A:A,"<2026-10-1" ) -> 0 | P33: =COUNTIFS(Beans!B:B, A33, Beans!A:A, ">=2026-10-1", Beans!A:A,"<2026-11-1" ) -> 0 | Q33: =COUNTIFS(Beans!B:B, A33, Beans!A:A, ">=2026-11-1", Beans!A:A,"<2026-12-1" ) -> 0 | R33: =COUNTIFS(Beans!B:B, A33, Beans!A:A, ">=2026-12-1", Beans!A:A,"<2027-1-1" ) -> 0
A34: Carolina Reaper | B34: Spicy | C34: Firey Five | E34: =SUM(G34:R34) -> 0 | F34: =IF(E30+E31+E32+E33+E34 = 0, "n/a", E34/(E30+E31+E32+E33+E34)) -> n/a | G34: =COUNTIFS(Beans!B:B, A34, Beans!A:A, ">=2026-1-1", Beans!A:A,"<2026-2-1" ) -> 0 | H34: =COUNTIFS(Beans!B:B, A34, Beans!A:A, ">=2026-2-1", Beans!A:A,"<2026-3-1" ) -> 0 | I34: =COUNTIFS(Beans!B:B, A34, Beans!A:A, ">=2026-3-1", Beans!A:A,"<2026-4-1" ) -> 0 | J34: =COUNTIFS(Beans!B:B, A34, Beans!A:A, ">=2026-4-1", Beans!A:A,"<2026-5-1" ) -> 0 | K34: =COUNTIFS(Beans!B:B, A34, Beans!A:A, ">=2026-5-1", Beans!A:A,"<2026-6-1" ) -> 0 | L34: =COUNTIFS(Beans!B:B, A34, Beans!A:A, ">=2026-6-1", Beans!A:A,"<2026-7-1" ) -> 0 | M34: =COUNTIFS(Beans!B:B, A34, Beans!A:A, ">=2026-7-1", Beans!A:A,"<2026-8-1" ) -> 0 | N34: =COUNTIFS(Beans!B:B, A34, Beans!A:A, ">=2026-8-1", Beans!A:A,"<2026-9-1" ) -> 0 | O34: =COUNTIFS(Beans!B:B, A34, Beans!A:A, ">=2026-9-1", Beans!A:A,"<2026-10-1" ) -> 0 | P34: =COUNTIFS(Beans!B:B, A34, Beans!A:A, ">=2026-10-1", Beans!A:A,"<2026-11-1" ) -> 0 | Q34: =COUNTIFS(Beans!B:B, A34, Beans!A:A, ">=2026-11-1", Beans!A:A,"<2026-12-1" ) -> 0 | R34: =COUNTIFS(Beans!B:B, A34, Beans!A:A, ">=2026-12-1", Beans!A:A,"<2027-1-1" ) -> 0
A35: Mystery Bean (Good) | B35: Good | C35: ? | E35: =SUM(G35:R35) -> 0 | F35: =IF(E35+E36 = 0, "n/a", E35/(E35+E36)) -> n/a | G35: =COUNTIFS(Beans!B:B, A35, Beans!A:A, ">=2026-1-1", Beans!A:A,"<2026-2-1" ) -> 0 | H35: =COUNTIFS(Beans!B:B, A35, Beans!A:A, ">=2026-2-1", Beans!A:A,"<2026-3-1" ) -> 0 | I35: =COUNTIFS(Beans!B:B, A35, Beans!A:A, ">=2026-3-1", Beans!A:A,"<2026-4-1" ) -> 0 | J35: =COUNTIFS(Beans!B:B, A35, Beans!A:A, ">=2026-4-1", Beans!A:A,"<2026-5-1" ) -> 0 | K35: =COUNTIFS(Beans!B:B, A35, Beans!A:A, ">=2026-5-1", Beans!A:A,"<2026-6-1" ) -> 0 | L35: =COUNTIFS(Beans!B:B, A35, Beans!A:A, ">=2026-6-1", Beans!A:A,"<2026-7-1" ) -> 0 | M35: =COUNTIFS(Beans!B:B, A35, Beans!A:A, ">=2026-7-1", Beans!A:A,"<2026-8-1" ) -> 0 | N35: =COUNTIFS(Beans!B:B, A35, Beans!A:A, ">=2026-8-1", Beans!A:A,"<2026-9-1" ) -> 0 | O35: =COUNTIFS(Beans!B:B, A35, Beans!A:A, ">=2026-9-1", Beans!A:A,"<2026-10-1" ) -> 0 | P35: =COUNTIFS(Beans!B:B, A35, Beans!A:A, ">=2026-10-1", Beans!A:A,"<2026-11-1" ) -> 0 | Q35: =COUNTIFS(Beans!B:B, A35, Beans!A:A, ">=2026-11-1", Beans!A:A,"<2026-12-1" ) -> 0 | R35: =COUNTIFS(Beans!B:B, A35, Beans!A:A, ">=2026-12-1", Beans!A:A,"<2027-1-1" ) -> 0
A36: Mystery Bean (Bad) | B36: Bad | C36: ? | E36: =SUM(G36:R36) -> 0 | F36: =IF(E35+E36 = 0, "n/a", E36/(E35+E36)) -> n/a | G36: =COUNTIFS(Beans!B:B, A36, Beans!A:A, ">=2026-1-1", Beans!A:A,"<2026-2-1" ) -> 0 | H36: =COUNTIFS(Beans!B:B, A36, Beans!A:A, ">=2026-2-1", Beans!A:A,"<2026-3-1" ) -> 0 | I36: =COUNTIFS(Beans!B:B, A36, Beans!A:A, ">=2026-3-1", Beans!A:A,"<2026-4-1" ) -> 0 | J36: =COUNTIFS(Beans!B:B, A36, Beans!A:A, ">=2026-4-1", Beans!A:A,"<2026-5-1" ) -> 0 | K36: =COUNTIFS(Beans!B:B, A36, Beans!A:A, ">=2026-5-1", Beans!A:A,"<2026-6-1" ) -> 0 | L36: =COUNTIFS(Beans!B:B, A36, Beans!A:A, ">=2026-6-1", Beans!A:A,"<2026-7-1" ) -> 0 | M36: =COUNTIFS(Beans!B:B, A36, Beans!A:A, ">=2026-7-1", Beans!A:A,"<2026-8-1" ) -> 0 | N36: =COUNTIFS(Beans!B:B, A36, Beans!A:A, ">=2026-8-1", Beans!A:A,"<2026-9-1" ) -> 0 | O36: =COUNTIFS(Beans!B:B, A36, Beans!A:A, ">=2026-9-1", Beans!A:A,"<2026-10-1" ) -> 0 | P36: =COUNTIFS(Beans!B:B, A36, Beans!A:A, ">=2026-10-1", Beans!A:A,"<2026-11-1" ) -> 0 | Q36: =COUNTIFS(Beans!B:B, A36, Beans!A:A, ">=2026-11-1", Beans!A:A,"<2026-12-1" ) -> 0 | R36: =COUNTIFS(Beans!B:B, A36, Beans!A:A, ">=2026-12-1", Beans!A:A,"<2027-1-1" ) -> 0
E37: =SUM(E2:E36) -> 84 | G37: =SUM(G2:G34) -> 15 | H37: =SUM(H2:H34) -> 10 | I37: =SUM(I2:I34) -> 2 | J37: =SUM(J2:J34) -> 6 | K37: =SUM(K2:K34) -> 9 | L37: =SUM(L2:L34) -> 2 | M37: =SUM(M2:M34) -> 1 | N37: =SUM(N2:N34) -> 11 | ... R37: =SUM(R2:R34) -> 0
A39: Good | B39: =E2+E4+E6+E8+E10+E12+E14+E16+E18+E20+E22+E24+E26+E28+E35 -> 25
A40: Bad | B40: =E3+E5+E7+E9+E11+E13+E15+E17+E19+E21+E23+E25+E27+E29+E36 -> 59
A41: Spicy | B41: =SUM(E30:E34) -> 0
B42: =SUM(B39:B41) -> 84

Sheet 2026 Summary
A1: Techsmith314 | B1: Beanboozle Scoreboard 2026
B3: ='2026 Bean Description'!C2 -> 1st-Curr | E3: ='2026 Bean Description'!C4 -> 4th-Curr | H3: ='2026 Bean Description'!C6 -> 1st-Curr | K3: ='2026 Bean Description'!C8 -> 5th-Curr | N3: ='2026 Bean Description'!C10 -> 1st-Curr
B4: ='2026 Bean Description'!A2 -> Juicy Pear | C4: ='2026 Bean Description'!A3 -> Booger | E4: ='2026 Bean Description'!A4 -> Strawberry Smoothie | F4: ='2026 Bean Description'!A5 -> Dead Fish (Rotten) | H4: ='2026 Bean Description'!A6 -> Berry Blue | I4: ='2026 Bean Description'!A7 -> Toothpaste | K4: ='2026 Bean Description'!A8 -> Birthday Cake | L4: ='2026 Bean Description'!A9 -> Dirty Dishwater | N4: ='2026 Bean Description'!A10 -> Peach | O4: ='2026 Bean Description'!A11 -> Barf
A5: January | B5: ='2026 Bean Description'!G2 -> 0 | C5: ='2026 Bean Description'!G3 -> 3 | E5: ='2026 Bean Description'!G4 -> 0 | F5: ='2026 Bean Description'!G5 -> 0 | H5: ='2026 Bean Description'!G6 -> 0 | I5: ='2026 Bean Description'!G7 -> 0 | K5: ='2026 Bean Description'!G8 -> 0 | L5: ='2026 Bean Description'!G9 -> 0 | N5: ='2026 Bean Description'!G10 -> 0 | O5: ='2026 Bean Description'!G11 -> 1
A6: February | B6: ='2026 Bean Description'!H2 -> 0 | C6: ='2026 Bean Description'!H3 -> 1 | E6: ='2026 Bean Description'!H4 -> 0 | F6: ='2026 Bean Description'!H5 -> 0 | H6: ='2026 Bean Description'!H6 -> 0 | I6: ='2026 Bean Description'!H7 -> 0 | K6: ='2026 Bean Description'!H8 -> 0 | L6: ='2026 Bean Description'!H9 -> 0 | N6: ='2026 Bean Description'!H10 -> 0 | O6: ='2026 Bean Description'!H11 -> 0
A7: March | B7: ='2026 Bean Description'!I2 -> 0 | C7: ='2026 Bean Description'!I3 -> 0 | E7: ='2026 Bean Description'!I4 -> 1 | F7: ='2026 Bean Description'!I5 -> 0 | H7: ='2026 Bean Description'!I6 -> 0 | I7: ='2026 Bean Description'!I7 -> 0 | K7: ='2026 Bean Description'!I8 -> 0 | L7: ='2026 Bean Description'!I9 -> 0 | N7: ='2026 Bean Description'!I10 -> 0 | O7: ='2026 Bean Description'!I11 -> 0
A8: April | B8: ='2026 Bean Description'!J2 -> 1 | C8: ='2026 Bean Description'!J3 -> 0 | E8: ='2026 Bean Description'!J4 -> 0 | F8: ='2026 Bean Description'!J5 -> 0 | H8: ='2026 Bean Description'!J6 -> 0 | I8: ='2026 Bean Description'!J7 -> 0 | K8: ='2026 Bean Description'!J8 -> 0 | L8: ='2026 Bean Description'!J9 -> 0 | N8: ='2026 Bean Description'!J10 -> 0 | O8: ='2026 Bean Description'!J11 -> 1
A9: May | B9: ='2026 Bean Description'!K2 -> 0 | C9: ='2026 Bean Description'!K3 -> 3 | E9: ='2026 Bean Description'!K4 -> 0 | F9: ='2026 Bean Description'!K5 -> 0 | H9: ='2026 Bean Description'!K6 -> 0 | I9: ='2026 Bean Description'!K7 -> 0 | K9: ='2026 Bean Description'!K8 -> 0 | L9: ='2026 Bean Description'!K9 -> 0 | N9: ='2026 Bean Description'!K10 -> 1 | O9: ='2026 Bean Description'!K11 -> 1
A10: June | B10: ='2026 Bean Description'!L2 -> 0 | C10: ='2026 Bean Description'!L3 -> 0 | E10: ='2026 Bean Description'!L4 -> 1 | F10: ='2026 Bean Description'!L5 -> 0 | H10: ='2026 Bean Description'!L6 -> 0 | I10: ='2026 Bean Description'!L7 -> 0 | K10: ='2026 Bean Description'!L8 -> 0 | L10: ='2026 Bean Description'!L9 -> 0 | N10: ='2026 Bean Description'!L10 -> 0 | O10: ='2026 Bean Description'!L11 -> 1
A11: July | B11: ='2026 Bean Description'!M2 -> 0 | C11: ='2026 Bean Description'!M3 -> 0 | E11: ='2026 Bean Description'!M4 -> 0 | F11: ='2026 Bean Description'!M5 -> 0 | H11: ='2026 Bean Description'!M6 -> 0 | I11: ='2026 Bean Description'!M7 -> 0 | K11: ='2026 Bean Description'!M8 -> 0 | L11: ='2026 Bean Description'!M9 -> 0 | N11: ='2026 Bean Description'!M10 -> 0 | O11: ='2026 Bean Description'!M11 -> 0
A12: August | B12: ='2026 Bean Description'!N2 -> 0 | C12: ='2026 Bean Description'!N3 -> 1 | E12: ='2026 Bean Description'!N4 -> 2 | F12: ='2026 Bean Description'!N5 -> 0 | H12: ='2026 Bean Description'!N6 -> 0 | I12: ='2026 Bean Description'!N7 -> 0 | K12: ='2026 Bean Description'!N8 -> 0 | L12: ='2026 Bean Description'!N9 -> 0 | N12: ='2026 Bean Description'!N10 -> 0 | O12: ='2026 Bean Description'!N11 -> 0
A13: September | B13: ='2026 Bean Description'!O2 -> 0 | C13: ='2026 Bean Description'!O3 -> 5 | E13: ='2026 Bean Description'!O4 -> 4 | F13: ='2026 Bean Description'!O5 -> 3 | H13: ='2026 Bean Description'!O6 -> 0 | I13: ='2026 Bean Description'!O7 -> 0 | K13: ='2026 Bean Description'!O8 -> 0 | L13: ='2026 Bean Description'!O9 -> 0 | N13: ='2026 Bean Description'!O10 -> 0 | O13: ='2026 Bean Description'!O11 -> 1
A14: October | B14: ='2026 Bean Description'!P2 -> 0 | C14: ='2026 Bean Description'!P3 -> 0 | E14: ='2026 Bean Description'!P4 -> 0 | F14: ='2026 Bean Description'!P5 -> 0 | H14: ='2026 Bean Description'!P6 -> 0 | I14: ='2026 Bean Description'!P7 -> 0 | K14: ='2026 Bean Description'!P8 -> 0 | L14: ='2026 Bean Description'!P9 -> 0 | N14: ='2026 Bean Description'!P10 -> 0 | O14: ='2026 Bean Description'!P11 -> 0
A15: November | B15: ='2026 Bean Description'!Q2 -> 0 | C15: ='2026 Bean Description'!Q3 -> 0 | E15: ='2026 Bean Description'!Q4 -> 0 | F15: ='2026 Bean Description'!Q5 -> 0 | H15: ='2026 Bean Description'!Q6 -> 0 | I15: ='2026 Bean Description'!Q7 -> 0 | K15: ='2026 Bean Description'!Q8 -> 0 | L15: ='2026 Bean Description'!Q9 -> 0 | N15: ='2026 Bean Description'!Q10 -> 0 | O15: ='2026 Bean Description'!Q11 -> 0
A16: December | B16: ='2026 Bean Description'!R2 -> 0 | C16: ='2026 Bean Description'!R3 -> 0 | E16: ='2026 Bean Description'!R4 -> 0 | F16: ='2026 Bean Description'!R5 -> 0 | H16: ='2026 Bean Description'!R6 -> 0 | I16: ='2026 Bean Description'!R7 -> 0 | K16: ='2026 Bean Description'!R8 -> 0 | L16: ='2026 Bean Description'!R9 -> 0 | N16: ='2026 Bean Description'!R10 -> 0 | O16: ='2026 Bean Description'!R11 -> 0
B18: ='2026 Bean Description'!C12 -> 3rd-Curr | E18: ='2026 Bean Description'!C14 -> 6th-Curr | H18: ='2026 Bean Description'!C16 -> 5th-Curr | K18: ='2026 Bean Description'!C18 -> 6th-Curr | N18: ='2026 Bean Description'!C20 -> 1st-Curr
B19: ='2026 Bean Description'!A12 -> Tutti Fruitti | C19: ='2026 Bean Description'!A13 -> Stinky Socks | E19: ='2026 Bean Description'!A14 -> Pomegranate | F19: ='2026 Bean Description'!A15 -> Old Bandage | H19: ='2026 Bean Description'!A16 -> Toasted Marshmallow | I19: ='2026 Bean Description'!A17 -> Stink Bug | K19: ='2026 Bean Description'!A18 -> Cappuccino | L19: ='2026 Bean Description'!A19 -> Liver & Onion | N19: ='2026 Bean Description'!A20 -> Buttered Popcorn | O19: ='2026 Bean Description'!A21 -> Rotten Egg
A20: January | B20: ='2026 Bean Description'!G12 -> 0 | C20: ='2026 Bean Description'!G13 -> 0 | E20: ='2026 Bean Description'!G14 -> 0 | F20: ='2026 Bean Description'!G15 -> 3 | H20: ='2026 Bean Description'!G16 -> 1 | I20: ='2026 Bean Description'!G17 -> 2 | K20: ='2026 Bean Description'!G18 -> 0 | L20: ='2026 Bean Description'!G19 -> 2 | N20: ='2026 Bean Description'!G20 -> 0 | O20: ='2026 Bean Description'!G21 -> 0
A21: February | B21: ='2026 Bean Description'!H12 -> 0 | C21: ='2026 Bean Description'!H13 -> 0 | E21: ='2026 Bean Description'!H14 -> 2 | F21: ='2026 Bean Description'!H15 -> 2 | H21: ='2026 Bean Description'!H16 -> 2 | I21: ='2026 Bean Description'!H17 -> 0 | K21: ='2026 Bean Description'!H18 -> 0 | L21: ='2026 Bean Description'!H19 -> 0 | N21: ='2026 Bean Description'!H20 -> 0 | O21: ='2026 Bean Description'!H21 -> 0
A22: March | B22: ='2026 Bean Description'!I12 -> 0 | C22: ='2026 Bean Description'!I13 -> 0 | E22: ='2026 Bean Description'!I14 -> 0 | F22: ='2026 Bean Description'!I15 -> 0 | H22: ='2026 Bean Description'!I16 -> 0 | I22: ='2026 Bean Description'!I17 -> 0 | K22: ='2026 Bean Description'!I18 -> 0 | L22: ='2026 Bean Description'!I19 -> 0 | N22: ='2026 Bean Description'!I20 -> 0 | O22: ='2026 Bean Description'!I21 -> 0
A23: April | B23: ='2026 Bean Description'!J12 -> 1 | C23: ='2026 Bean Description'!J13 -> 0 | E23: ='2026 Bean Description'!J14 -> 0 | F23: ='2026 Bean Description'!J15 -> 0 | H23: ='2026 Bean Description'!J16 -> 0 | I23: ='2026 Bean Description'!J17 -> 1 | K23: ='2026 Bean Description'!J18 -> 0 | L23: ='2026 Bean Description'!J19 -> 0 | N23: ='2026 Bean Description'!J20 -> 0 | O23: ='2026 Bean Description'!J21 -> 0
A24: May | B24: ='2026 Bean Description'!K12 -> 1 | C24: ='2026 Bean Description'!K13 -> 0 | E24: ='2026 Bean Description'!K14 -> 1 | F24: ='2026 Bean Description'!K15 -> 1 | H24: ='2026 Bean Description'!K16 -> 0 | I24: ='2026 Bean Description'!K17 -> 1 | K24: ='2026 Bean Description'!K18 -> 0 | L24: ='2026 Bean Description'!K19 -> 0 | N24: ='2026 Bean Description'!K20 -> 0 | O24: ='2026 Bean Description'!K21 -> 0
A25: June | B25: ='2026 Bean Description'!L12 -> 0 | C25: ='2026 Bean Description'!L13 -> 0 | E25: ='2026 Bean Description'!L14 -> 0 | F25: ='2026 Bean Description'!L15 -> 0 | H25: ='2026 Bean Description'!L16 -> 0 | I25: ='2026 Bean Description'!L17 -> 0 | K25: ='2026 Bean Description'!L18 -> 0 | L25: ='2026 Bean Description'!L19 -> 0 | N25: ='2026 Bean Description'!L20 -> 0 | O25: ='2026 Bean Description'!L21 -> 0
A26: July | B26: ='2026 Bean Description'!M12 -> 0 | C26: ='2026 Bean Description'!M13 -> 0 | E26: ='2026 Bean Description'!M14 -> 0 | F26: ='2026 Bean Description'!M15 -> 1 | H26: ='2026 Bean Description'!M16 -> 0 | I26: ='2026 Bean Description'!M17 -> 0 | K26: ='2026 Bean Description'!M18 -> 0 | L26: ='2026 Bean Description'!M19 -> 0 | N26: ='2026 Bean Description'!M20 -> 0 | O26: ='2026 Bean Description'!M21 -> 0
A27: August | B27: ='2026 Bean Description'!N12 -> 0 | C27: ='2026 Bean Description'!N13 -> 1 | E27: ='2026 Bean Description'!N14 -> 1 | F27: ='2026 Bean Description'!N15 -> 1 | H27: ='2026 Bean Description'!N16 -> 0 | I27: ='2026 Bean Description'!N17 -> 0 | K27: ='2026 Bean Description'!N18 -> 1 | L27: ='2026 Bean Description'!N19 -> 1 | N27: ='2026 Bean Description'!N20 -> 0 | O27: ='2026 Bean Description'!N21 -> 0
A28: September | B28: ='2026 Bean Description'!O12 -> 1 | C28: ='2026 Bean Description'!O13 -> 2 | E28: ='2026 Bean Description'!O14 -> 0 | F28: ='2026 Bean Description'!O15 -> 2 | H28: ='2026 Bean Description'!O16 -> 0 | I28: ='2026 Bean Description'!O17 -> 1 | K28: ='2026 Bean Description'!O18 -> 1 | L28: ='2026 Bean Description'!O19 -> 2 | N28: ='2026 Bean Description'!O20 -> 0 | O28: ='2026 Bean Description'!O21 -> 0
A29: October | B29: ='2026 Bean Description'!P12 -> 0 | C29: ='2026 Bean Description'!P13 -> 0 | E29: ='2026 Bean Description'!P14 -> 0 | F29: ='2026 Bean Description'!P15 -> 0 | H29: ='2026 Bean Description'!P16 -> 0 | I29: ='2026 Bean Description'!P17 -> 0 | K29: ='2026 Bean Description'!P18 -> 0 | L29: ='2026 Bean Description'!P19 -> 0 | N29: ='2026 Bean Description'!P20 -> 0 | O29: ='2026 Bean Description'!P21 -> 0
A30: November | B30: ='2026 Bean Description'!Q12 -> 0 | C30: ='2026 Bean Description'!Q13 -> 0 | E30: ='2026 Bean Description'!Q14 -> 0 | F30: ='2026 Bean Description'!Q15 -> 0 | H30: ='2026 Bean Description'!Q16 -> 0 | I30: ='2026 Bean Description'!Q17 -> 0 | K30: ='2026 Bean Description'!Q18 -> 0 | L30: ='2026 Bean Description'!Q19 -> 0 | N30: ='2026 Bean Description'!Q20 -> 0 | O30: ='2026 Bean Description'!Q21 -> 0
A31: December | B31: ='2026 Bean Description'!R12 -> 0 | C31: ='2026 Bean Description'!R13 -> 0 | E31: ='2026 Bean Description'!R14 -> 0 | F31: ='2026 Bean Description'!R15 -> 0 | H31: ='2026 Bean Description'!R16 -> 0 | I31: ='2026 Bean Description'!R17 -> 0 | K31: ='2026 Bean Description'!R18 -> 0 | L31: ='2026 Bean Description'!R19 -> 0 | N31: ='2026 Bean Description'!R20 -> 0 | O31: ='2026 Bean Description'!R21 -> 0
B33: ='2026 Bean Description'!C27 -> 7th-Curr | E33: ='2026 Bean Description'!C29 -> 7th-Curr | H33: ='2026 Bean Description'!C26 -> 7th-Curr | K33: ='2026 Bean Description'!C28 -> 7th-Curr | N33: ='2026 Bean Description'!C35 -> ?
B34: ='2026 Bean Description'!A22 -> Chocolate Pudding | C34: ='2026 Bean Description'!A23 -> Dog Food | E34: ='2026 Bean Description'!A24 -> Coconut | F34: ='2026 Bean Description'!A25 -> Spoiled Milk | H34: ='2026 Bean Description'!A26 -> Top Banana | I34: ='2026 Bean Description'!A27 -> Wet Dog | K34: ='2026 Bean Description'!A28 -> Licorice | L34: ='2026 Bean Description'!A29 -> Burnt Rubber | N34: ='2026 Bean Description'!A35 -> Mystery Bean (Good) | O34: ='2026 Bean Description'!A36 -> Mystery Bean (Bad)
A35: January | B35: ='2026 Bean Description'!G22 -> 0 | C35: ='2026 Bean Description'!G23 -> 0 | E35: ='2026 Bean Description'!G24 -> 0 | F35: ='2026 Bean Description'!G25 -> 0 | H35: ='2026 Bean Description'!G26 -> 0 | I35: ='2026 Bean Description'!G27 -> 3 | K35: ='2026 Bean Description'!G28 -> 0 | L35: ='2026 Bean Description'!G29 -> 0 | N35: ='2026 Bean Description'!G35 -> 0 | O35: ='2026 Bean Description'!G36 -> 0
A36: February | B36: ='2026 Bean Description'!H22 -> 0 | C36: ='2026 Bean Description'!H23 -> 0 | E36: ='2026 Bean Description'!H24 -> 0 | F36: ='2026 Bean Description'!H25 -> 0 | H36: ='2026 Bean Description'!H26 -> 0 | I36: ='2026 Bean Description'!H27 -> 3 | K36: ='2026 Bean Description'!H28 -> 0 | L36: ='2026 Bean Description'!H29 -> 0 | N36: ='2026 Bean Description'!H35 -> 0 | O36: ='2026 Bean Description'!H36 -> 0
A37: March | B37: ='2026 Bean Description'!I22 -> 0 | C37: ='2026 Bean Description'!I23 -> 0 | E37: ='2026 Bean Description'!I24 -> 0 | F37: ='2026 Bean Description'!I25 -> 0 | H37: ='2026 Bean Description'!I26 -> 0 | I37: ='2026 Bean Description'!I27 -> 1 | K37: ='2026 Bean Description'!I28 -> 0 | L37: ='2026 Bean Description'!I29 -> 0 | N37: ='2026 Bean Description'!I35 -> 0 | O37: ='2026 Bean Description'!I36 -> 0
A38: April | B38: ='2026 Bean Description'!J22 -> 0 | C38: ='2026 Bean Description'!J23 -> 0 | E38: ='2026 Bean Description'!J24 -> 0 | F38: ='2026 Bean Description'!J25 -> 0 | H38: ='2026 Bean Description'!J26 -> 0 | I38: ='2026 Bean Description'!J27 -> 1 | K38: ='2026 Bean Description'!J28 -> 1 | L38: ='2026 Bean Description'!J29 -> 0 | N38: ='2026 Bean Description'!J35 -> 0 | O38: ='2026 Bean Description'!J36 -> 0
A39: May | B39: ='2026 Bean Description'!K22 -> 0 | C39: ='2026 Bean Description'!K23 -> 0 | E39: ='2026 Bean Description'!K24 -> 0 | F39: ='2026 Bean Description'!K25 -> 0 | H39: ='2026 Bean Description'!K26 -> 0 | I39: ='2026 Bean Description'!K27 -> 0 | K39: ='2026 Bean Description'!K28 -> 0 | L39: ='2026 Bean Description'!K29 -> 0 | N39: ='2026 Bean Description'!K35 -> 0 | O39: ='2026 Bean Description'!K36 -> 0
A40: June | B40: ='2026 Bean Description'!L22 -> 0 | C40: ='2026 Bean Description'!L23 -> 0 | E40: ='2026 Bean Description'!L24 -> 0 | F40: ='2026 Bean Description'!L25 -> 0 | H40: ='2026 Bean Description'!L26 -> 0 | I40: ='2026 Bean Description'!L27 -> 0 | K40: ='2026 Bean Description'!L28 -> 0 | L40: ='2026 Bean Description'!L29 -> 0 | N40: ='2026 Bean Description'!L35 -> 0 | O40: ='2026 Bean Description'!L36 -> 0
A41: July | B41: ='2026 Bean Description'!M22 -> 0 | C41: ='2026 Bean Description'!M23 -> 0 | E41: ='2026 Bean Description'!M24 -> 0 | F41: ='2026 Bean Description'!M25 -> 0 | H41: ='2026 Bean Description'!M26 -> 0 | I41: ='2026 Bean Description'!M27 -> 0 | K41: ='2026 Bean Description'!M28 -> 0 | L41: ='2026 Bean Description'!M29 -> 0 | N41: ='2026 Bean Description'!M35 -> 0 | O41: ='2026 Bean Description'!M36 -> 0
A42: August | B42: ='2026 Bean Description'!N22 -> 0 | C42: ='2026 Bean Description'!N23 -> 0 | E42: ='2026 Bean Description'!N24 -> 0 | F42: ='2026 Bean Description'!N25 -> 0 | H42: ='2026 Bean Description'!N26 -> 0 | I42: ='2026 Bean Description'!N27 -> 2 | K42: ='2026 Bean Description'!N28 -> 0 | L42: ='2026 Bean Description'!N29 -> 1 | N42: ='2026 Bean Description'!N35 -> 0 | O42: ='2026 Bean Description'!N36 -> 0
A43: September | B43: ='2026 Bean Description'!O22 -> 0 | C43: ='2026 Bean Description'!O23 -> 0 | E43: ='2026 Bean Description'!O24 -> 0 | F43: ='2026 Bean Description'!O25 -> 0 | H43: ='2026 Bean Description'!O26 -> 1 | I43: ='2026 Bean Description'!O27 -> 3 | K43: ='2026 Bean Description'!O28 -> 1 | L43: ='2026 Bean Description'!O29 -> 1 | N43: ='2026 Bean Description'!O35 -> 0 | O43: ='2026 Bean Description'!O36 -> 0
A44: October | B44: ='2026 Bean Description'!P22 -> 0 | C44: ='2026 Bean Description'!P23 -> 0 | E44: ='2026 Bean Description'!P24 -> 0 | F44: ='2026 Bean Description'!P25 -> 0 | H44: ='2026 Bean Description'!P26 -> 0 | I44: ='2026 Bean Description'!P27 -> 0 | K44: ='2026 Bean Description'!P28 -> 0 | L44: ='2026 Bean Description'!P29 -> 0 | N44: ='2026 Bean Description'!P35 -> 0 | O44: ='2026 Bean Description'!P36 -> 0
A45: November | B45: ='2026 Bean Description'!Q22 -> 0 | C45: ='2026 Bean Description'!Q23 -> 0 | E45: ='2026 Bean Description'!Q24 -> 0 | F45: ='2026 Bean Description'!Q25 -> 0 | H45: ='2026 Bean Description'!Q26 -> 0 | I45: ='2026 Bean Description'!Q27 -> 0 | K45: ='2026 Bean Description'!Q28 -> 0 | L45: ='2026 Bean Description'!Q29 -> 0 | N45: ='2026 Bean Description'!Q35 -> 0 | O45: ='2026 Bean Description'!Q36 -> 0
A46: December | B46: ='2026 Bean Description'!R22 -> 0 | C46: ='2026 Bean Description'!R23 -> 0 | E46: ='2026 Bean Description'!R24 -> 0 | F46: ='2026 Bean Description'!R25 -> 0 | H46: ='2026 Bean Description'!R26 -> 0 | I46: ='2026 Bean Description'!R27 -> 0 | K46: ='2026 Bean Description'!R28 -> 0 | L46: ='2026 Bean Description'!R29 -> 0 | N46: ='2026 Bean Description'!R35 -> 0 | O46: ='2026 Bean Description'!R36 -> 0
B48: Sriracha | C48: Jalapeño | D48: Cayenne | E48: Habanero | F48: Carolina Reaper
A49: January | B49: ='2024 Bean Description'!G2 -> 0 | C49: ='2024 Bean Description'!G31 -> 0 | D49: ='2024 Bean Description'!G32 -> 0 | E49: ='2024 Bean Description'!G33 -> 0 | F49: ='2024 Bean Description'!G34 -> 0 | I49: Spreadsheet by: | J49: mgFray
A50: February | B50: ='2024 Bean Description'!H30 -> 0 | C50: ='2024 Bean Description'!H31 -> 0 | D50: ='2024 Bean Description'!H32 -> 0 | E50: ='2024 Bean Description'!H33 -> 0 | F50: ='2024 Bean Description'!H34 -> 0 | J50: amothyrie
A51: March | B51: ='2024 Bean Description'!I30 -> 0 | C51: ='2024 Bean Description'!I31 -> 0 | D51: ='2024 Bean Description'!I32 -> 0 | E51: ='2024 Bean Description'!I33 -> 0 | F51: ='2024 Bean Description'!I34 -> 0
A52: April | B52: ='2024 Bean Description'!J30 -> 0 | C52: ='2024 Bean Description'!J31 -> 0 | D52: ='2024 Bean Description'!J32 -> 0 | E52: ='2024 Bean Description'!J33 -> 0 | F52: ='2024 Bean Description'!J34 -> 0
A53: May | B53: ='2024 Bean Description'!K30 -> 0 | C53: ='2024 Bean Description'!K31 -> 0 | D53: ='2024 Bean Description'!K32 -> 0 | E53: ='2024 Bean Description'!K33 -> 0 | F53: ='2024 Bean Description'!K34 -> 0
A54: June | B54: ='2024 Bean Description'!L30 -> 0 | C54: ='2024 Bean Description'!L31 -> 0 | D54: ='2024 Bean Description'!L32 -> 0 | E54: ='2024 Bean Description'!L33 -> 0 | F54: ='2024 Bean Description'!L34 -> 0
A55: July | B55: ='2024 Bean Description'!M30 -> 0 | C55: ='2024 Bean Description'!M31 -> 0 | D55: ='2024 Bean Description'!M32 -> 0 | E55: ='2024 Bean Description'!M33 -> 0 | F55: ='2024 Bean Description'!M34 -> 0
A56: August | B56: ='2024 Bean Description'!N30 -> 0 | C56: ='2024 Bean Description'!N31 -> 0 | D56: ='2024 Bean Description'!N32 -> 0 | E56: ='2024 Bean Description'!N33 -> 0 | F56: ='2024 Bean Description'!N34 -> 0
A57: September | B57: ='2024 Bean Description'!O30 -> 0 | C57: ='2024 Bean Description'!O31 -> 0 | D57: ='2024 Bean Description'!O32 -> 0 | E57: ='2024 Bean Description'!O33 -> 0 | F57: ='2024 Bean Description'!O34 -> 0
A58: October | B58: ='2024 Bean Description'!P30 -> 0 | C58: ='2024 Bean Description'!P31 -> 0 | D58: ='2024 Bean Description'!P32 -> 0 | E58: ='2024 Bean Description'!P33 -> 0 | F58: ='2024 Bean Description'!P34 -> 0
A59: November | B59: ='2024 Bean Description'!Q30 -> 0 | C59: ='2024 Bean Description'!Q31 -> 0 | D59: ='2024 Bean Description'!Q32 -> 0 | E59: ='2024 Bean Description'!Q33 -> 0 | F59: ='2024 Bean Description'!Q34 -> 0
A60: December | B60: ='2024 Bean Description'!R2 -> 0 | C60: ='2024 Bean Description'!R31 -> 0 | D60: ='2024 Bean Description'!R32 -> 0 | E60: ='2024 Bean Description'!R33 -> 0 | F60: ='2024 Bean Description'!R34 -> 0
B63: Good | C63: Bad | D63: Spicy | E63: Total
A64: January | B64: =B5+E5+H5+K5+N5+B20+E20+H20+K20+N20+B35+E35+H35+K35+N35 -> 1 | C64: =C5+F5+I5+L5+O5+C20+F20+I20+L20+O20+C35+F35+I35+L35+O35 -> 14 | D64: =SUM(B49:F49) -> 0 | E64: =SUM(B64:D64) -> 15 | F64: =E64/((31/7)*5) -> 0.67741935 | G64: Beans/Weekday | I64: =CONCATENATE(A64, " BEANS ", "Good: ", B64, " Bad: ", C64, " Spicy: ", D64) -> January BEANS Good: 1 Bad: 14 Spicy: 0
A65: February | B65: =B6+E6+H6+K6+N6+B21+E21+H21+K21+N21+B36+E36+H36+K36+N36 -> 4 | C65: =C6+F6+I6+L6+O6+C21+F21+I21+L21+O21+C36+F36+I36+L36+O36 -> 6 | D65: =SUM(B50:F50) -> 0 | E65: =SUM(B65:D65) -> 10 | F65: =E65/((31/7)*5) -> 0.4516129 | G65: Beans/Weekday | I65: =CONCATENATE(A65, " BEANS ", "Good: ", B65, " Bad: ", C65, " Spicy: ", D65) -> February BEANS Good: 4 Bad: 6 Spicy: 0
A66: March | B66: =B7+E7+H7+K7+N7+B22+E22+H22+K22+N22+B37+E37+H37+K37+N37 -> 1 | C66: =C7+F7+I7+L7+O7+C22+F22+I22+L22+O22+C37+F37+I37+L37+O37 -> 1 | D66: =SUM(B51:F51) -> 0 | E66: =SUM(B66:D66) -> 2 | F66: =E66/((31/7)*5) -> 0.090322581 | G66: Beans/Weekday | I66: =CONCATENATE(A66, " BEANS ", "Good: ", B66, " Bad: ", C66, " Spicy: ", D66) -> March BEANS Good: 1 Bad: 1 Spicy: 0
A67: April | B67: =B8+E8+H8+K8+N8+B23+E23+H23+K23+N23+B38+E38+H38+K38+N38 -> 3 | C67: =C8+F8+I8+L8+O8+C23+F23+I23+L23+O23+C38+F38+I38+L38+O38 -> 3 | D67: =SUM(B52:F52) -> 0 | E67: =SUM(B67:D67) -> 6 | F67: =E67/((31/7)*5) -> 0.27096774 | G67: Beans/Weekday | I67: =CONCATENATE(A67, " BEANS ", "Good: ", B67, " Bad: ", C67, " Spicy: ", D67) -> April BEANS Good: 3 Bad: 3 Spicy: 0
A68: May | B68: =B9+E9+H9+K9+N9+B24+E24+H24+K24+N24+B39+E39+H39+K39+N39 -> 3 | C68: =C9+F9+I9+L9+O9+C24+F24+I24+L24+O24+C39+F39+I39+L39+O39 -> 6 | D68: =SUM(B53:F53) -> 0 | E68: =SUM(B68:D68) -> 9 | F68: =E68/((31/7)*5) -> 0.40645161 | G68: Beans/Weekday | I68: =CONCATENATE(A68, " BEANS ", "Good: ", B68, " Bad: ", C68, " Spicy: ", D68) -> May BEANS Good: 3 Bad: 6 Spicy: 0
A69: June | B69: =B10+E10+H10+K10+N10+B25+E25+H25+K25+N25+B40+E40+H40+K40+N40 -> 1 | C69: =C10+F10+I10+L10+O10+C25+F25+I25+L25+O25+C40+F40+I40+L40+O40 -> 1 | D69: =SUM(B54:F54) -> 0 | E69: =SUM(B69:D69) -> 2 | F69: =E69/((31/7)*5) -> 0.090322581 | G69: Beans/Weekday | I69: =CONCATENATE(A69, " BEANS ", "Good: ", B69, " Bad: ", C69, " Spicy: ", D69) -> June BEANS Good: 1 Bad: 1 Spicy: 0
A70: July | B70: =B11+E11+H11+K11+N11+B26+E26+H26+K26+N26+B41+E41+H41+K41+N41 -> 0 | C70: =C11+F11+I11+L11+O11+C26+F26+I26+L26+O26+C41+F41+I41+L41+O41 -> 1 | D70: =SUM(B55:F55) -> 0 | E70: =SUM(B70:D70) -> 1 | F70: =E70/((31/7)*5) -> 0.04516129 | G70: Beans/Weekday | I70: =CONCATENATE(A70, " BEANS ", "Good: ", B70, " Bad: ", C70, " Spicy: ", D70) -> July BEANS Good: 0 Bad: 1 Spicy: 0
A71: August | B71: =B12+E12+H12+K12+N12+B27+E27+H27+K27+N27+B42+E42+H42+K42+N42 -> 4 | C71: =C12+F12+I12+L12+O12+C27+F27+I27+L27+O27+C42+F42+I42+L42+O42 -> 7 | D71: =SUM(B56:F56) -> 0 | E71: =SUM(B71:D71) -> 11 | F71: =E71/((31/7)*5) -> 0.49677419 | G71: Beans/Weekday | I71: =CONCATENATE(A71, " BEANS ", "Good: ", B71, " Bad: ", C71, " Spicy: ", D71) -> August BEANS Good: 4 Bad: 7 Spicy: 0
A72: September | B72: =B13+E13+H13+K13+N13+B28+E28+H28+K28+N28+B43+E43+H43+K43+N43 -> 8 | C72: =C13+F13+I13+L13+O13+C28+F28+I28+L28+O28+C43+F43+I43+L43+O43 -> 20 | D72: =SUM(B57:F57) -> 0 | E72: =SUM(B72:D72) -> 28 | F72: =E72/((31/7)*5) -> 1.2645161 | G72: Beans/Weekday | I72: =CONCATENATE(A72, " BEANS ", "Good: ", B72, " Bad: ", C72, " Spicy: ", D72) -> September BEANS Good: 8 Bad: 20 Spicy: 0
A73: October | B73: =B14+E14+H14+K14+N14+B29+E29+H29+K29+N29+B44+E44+H44+K44+N44 -> 0 | C73: =C14+F14+I14+L14+O14+C29+F29+I29+L29+O29+C44+F44+I44+L44+O44 -> 0 | D73: =SUM(B58:F58) -> 0 | E73: =SUM(B73:D73) -> 0 | F73: =E73/((31/7)*5) -> 0 | G73: Beans/Weekday | I73: =CONCATENATE(A73, " BEANS ", "Good: ", B73, " Bad: ", C73, " Spicy: ", D73) -> October BEANS Good: 0 Bad: 0 Spicy: 0
A74: November | B74: =B15+E15+H15+K15+N15+B30+E30+H30+K30+N30+B45+E45+H45+K45+N45 -> 0 | C74: =C15+F15+I15+L15+O15+C30+F30+I30+L30+O30+C45+F45+I45+L45+O45 -> 0 | D74: =SUM(B59:F59) -> 0 | E74: =SUM(B74:D74) -> 0 | F74: =E74/((31/7)*5) -> 0 | G74: Beans/Weekday | I74: =CONCATENATE(A74, " BEANS ", "Good: ", B74, " Bad: ", C74, " Spicy: ", D74) -> November BEANS Good: 0 Bad: 0 Spicy: 0
A75: December | B75: =B16+E16+H16+K16+N16+B31+E31+H31+K31+N31+B46+E46+H46+K46+N46 -> 0 | C75: =C16+F16+I16+L16+O16+C31+F31+I31+L31+O31+C46+F46+I46+L46+O46 -> 0 | D75: =SUM(B60:F60) -> 0 | E75: =SUM(B75:D75) -> 0 | F75: =E75/((31/7)*5) -> 0 | G75: Beans/Weekday | I75: =CONCATENATE(A75, " BEANS ", "Good: ", B75, " Bad: ", C75, " Spicy: ", D75) -> December BEANS Good: 0 Bad: 0 Spicy: 0
A76: Total | B76: =SUM(B64:B75) -> 25 | C76: =SUM(C64:C75) -> 59 | D76: =SUM(D64:D75) -> 0 | E76: =SUM(E64:E75) -> 84 | F76: =(E76 / (DATE(YEAR(TODAY()),MONTH(TODAY()),DAY(TODAY()))-DATE(YEAR(TODAY()),1,0))) -> 0.31460674 | G76: Bean/Day | I76: =CONCATENATE(A76, " BEANS ", "Good: ", B76, " Bad: ", C76, " Spicy: ", D76) -> Total BEANS Good: 25 Bad: 59 Spicy: 0 | L76: Kay Good: 0 Bad: 0 Spicy: 0
B77: =if(E76-D76 = 0, 'Overall Bean Summary'!J7, B76/(E76-D76)) -> 0.29761905 | C77: =if(E76-D76 = 0, 'Overall Bean Summary'!L7, C76/(E76-D76)) -> 0.70238095 | F77: =E76 / (((DATE(YEAR(TODAY()),MONTH(TODAY()),DAY(TODAY()))-DATE(YEAR(TODAY()),1,0))/7)*5) -> 0.44044944 | G77: Beans/Weekday
A79: Estimated 2025 | B79: =ROUNDDOWN((B76/E76)*E79,0) -> 33 | C79: =ROUNDDOWN((C76/E76)*E79,0) -> 80 | D79: =ROUNDDOWN((D76/E76)*E79,0) -> 0 | E79: =ROUNDDOWN((E76 / (DATE(YEAR(TODAY()),MONTH(TODAY()),DAY(TODAY()))-DATE(YEAR(TODAY()),1,0))) * 365,0) -> 114 | G79: =CONCATENATE(A79, " BEANS ", "Good: ", B79, " Bad: ", C79, " Spicy: ", D79) -> Estimated 2025 BEANS Good: 33 Bad: 80 Spicy: 0

Sheet 2025 Bean Description
A1: Flavor | B1: Good/Bad | C1: Seasons | D1: Bean | E1: Total | F1: % | G1: January | H1: February | I1: March | J1: April | K1: May | L1: June | M1: July | N1: August | O1: September | P1: October | Q1: November | R1: December
A2: Juicy Pear | B2: Good | C2: 1st-Curr | D2: =D3 | E2: =SUM(G2:R2) -> 4 | F2: =IF(E2+E3 = 0, "n/a", E2/(E2+E3)) -> 0.33333333 | G2: =COUNTIFS(Beans!B:B, A2, Beans!A:A, ">=2025-1-1", Beans!A:A,"<2025-2-1" ) -> 0 | H2: =COUNTIFS(Beans!B:B, A2, Beans!A:A, ">=2025-2-1", Beans!A:A,"<2025-3-1" ) -> 2 | I2: =COUNTIFS(Beans!B:B, A2, Beans!A:A, ">=2025-3-1", Beans!A:A,"<2025-4-1" ) -> 0 | J2: =COUNTIFS(Beans!B:B, A2, Beans!A:A, ">=2025-4-1", Beans!A:A,"<2025-5-1" ) -> 1 | K2: =COUNTIFS(Beans!B:B, A2, Beans!A:A, ">=2025-5-1", Beans!A:A,"<2025-6-1" ) -> 1 | L2: =COUNTIFS(Beans!B:B, A2, Beans!A:A, ">=2025-6-1", Beans!A:A,"<2025-7-1" ) -> 0 | M2: =COUNTIFS(Beans!B:B, A2, Beans!A:A, ">=2025-7-1", Beans!A:A,"<2025-8-1" ) -> 0 | N2: =COUNTIFS(Beans!B:B, A2, Beans!A:A, ">=2025-8-1", Beans!A:A,"<2025-9-1" ) -> 0 | O2: =COUNTIFS(Beans!B:B, A2, Beans!A:A, ">=2025-9-1", Beans!A:A,"<2025-10-1" ) -> 0 | P2: =COUNTIFS(Beans!B:B, A2, Beans!A:A, ">=2025-10-1", Beans!A:A,"<2025-11-1" ) -> 0 | Q2: =COUNTIFS(Beans!B:B, A2, Beans!A:A, ">=2025-11-1", Beans!A:A,"<2025-12-1" ) -> 0 | R2: =COUNTIFS(Beans!B:B, A2, Beans!A:A, ">=2025-12-1", Beans!A:A,"<2026-1-1" ) -> 0
A3: Booger | B3: Bad | C3: 1st-Curr | E3: =SUM(G3:R3) -> 8 | F3: =IF(E2+E3 = 0, "n/a", E3/(E2+E3)) -> 0.66666667 | G3: =COUNTIFS(Beans!B:B, A3, Beans!A:A, ">=2025-1-1", Beans!A:A,"<2025-2-1" ) -> 0 | H3: =COUNTIFS(Beans!B:B, A3, Beans!A:A, ">=2025-2-1", Beans!A:A,"<2025-3-1" ) -> 0 | I3: =COUNTIFS(Beans!B:B, A3, Beans!A:A, ">=2025-3-1", Beans!A:A,"<2025-4-1" ) -> 1 | J3: =COUNTIFS(Beans!B:B, A3, Beans!A:A, ">=2025-4-1", Beans!A:A,"<2025-5-1" ) -> 1 | K3: =COUNTIFS(Beans!B:B, A3, Beans!A:A, ">=2025-5-1", Beans!A:A,"<2025-6-1" ) -> 2 | L3: =COUNTIFS(Beans!B:B, A3, Beans!A:A, ">=2025-6-1", Beans!A:A,"<2025-7-1" ) -> 0 | M3: =COUNTIFS(Beans!B:B, A3, Beans!A:A, ">=2025-7-1", Beans!A:A,"<2025-8-1" ) -> 2 | N3: =COUNTIFS(Beans!B:B, A3, Beans!A:A, ">=2025-8-1", Beans!A:A,"<2025-9-1" ) -> 0 | O3: =COUNTIFS(Beans!B:B, A3, Beans!A:A, ">=2025-9-1", Beans!A:A,"<2025-10-1" ) -> 0 | P3: =COUNTIFS(Beans!B:B, A3, Beans!A:A, ">=2025-10-1", Beans!A:A,"<2025-11-1" ) -> 0 | Q3: =COUNTIFS(Beans!B:B, A3, Beans!A:A, ">=2025-11-1", Beans!A:A,"<2025-12-1" ) -> 0 | R3: =COUNTIFS(Beans!B:B, A3, Beans!A:A, ">=2025-12-1", Beans!A:A,"<2026-1-1" ) -> 2
A4: Strawberry Smoothie | B4: Good | C4: 4th-Curr | D4: =D5 | E4: =SUM(G4:R4) -> 3 | F4: =IF(E4+E5 = 0, "n/a", E4/(E4+E5)) -> 0.3 | G4: =COUNTIFS(Beans!B:B, A4, Beans!A:A, ">=2025-1-1", Beans!A:A,"<2025-2-1" ) -> 0 | H4: =COUNTIFS(Beans!B:B, A4, Beans!A:A, ">=2025-2-1", Beans!A:A,"<2025-3-1" ) -> 1 | I4: =COUNTIFS(Beans!B:B, A4, Beans!A:A, ">=2025-3-1", Beans!A:A,"<2025-4-1" ) -> 0 | J4: =COUNTIFS(Beans!B:B, A4, Beans!A:A, ">=2025-4-1", Beans!A:A,"<2025-5-1" ) -> 0 | K4: =COUNTIFS(Beans!B:B, A4, Beans!A:A, ">=2025-5-1", Beans!A:A,"<2025-6-1" ) -> 0 | L4: =COUNTIFS(Beans!B:B, A4, Beans!A:A, ">=2025-6-1", Beans!A:A,"<2025-7-1" ) -> 0 | M4: =COUNTIFS(Beans!B:B, A4, Beans!A:A, ">=2025-7-1", Beans!A:A,"<2025-8-1" ) -> 0 | N4: =COUNTIFS(Beans!B:B, A4, Beans!A:A, ">=2025-8-1", Beans!A:A,"<2025-9-1" ) -> 0 | O4: =COUNTIFS(Beans!B:B, A4, Beans!A:A, ">=2025-9-1", Beans!A:A,"<2025-10-1" ) -> 1 | P4: =COUNTIFS(Beans!B:B, A4, Beans!A:A, ">=2025-10-1", Beans!A:A,"<2025-11-1" ) -> 0 | Q4: =COUNTIFS(Beans!B:B, A4, Beans!A:A, ">=2025-11-1", Beans!A:A,"<2025-12-1" ) -> 0 | R4: =COUNTIFS(Beans!B:B, A4, Beans!A:A, ">=2025-12-1", Beans!A:A,"<2026-1-1" ) -> 1
A5: Dead Fish (Rotten) | B5: Bad | C5: 4th-Curr | E5: =SUM(G5:R5) -> 7 | F5: =IF(E4+E5 = 0, "n/a", E5/(E4+E5)) -> 0.7 | G5: =COUNTIFS(Beans!B:B, A5, Beans!A:A, ">=2025-1-1", Beans!A:A,"<2025-2-1" ) -> 0 | H5: =COUNTIFS(Beans!B:B, A5, Beans!A:A, ">=2025-2-1", Beans!A:A,"<2025-3-1" ) -> 1 | I5: =COUNTIFS(Beans!B:B, A5, Beans!A:A, ">=2025-3-1", Beans!A:A,"<2025-4-1" ) -> 0 | J5: =COUNTIFS(Beans!B:B, A5, Beans!A:A, ">=2025-4-1", Beans!A:A,"<2025-5-1" ) -> 1 | K5: =COUNTIFS(Beans!B:B, A5, Beans!A:A, ">=2025-5-1", Beans!A:A,"<2025-6-1" ) -> 1 | L5: =COUNTIFS(Beans!B:B, A5, Beans!A:A, ">=2025-6-1", Beans!A:A,"<2025-7-1" ) -> 0 | M5: =COUNTIFS(Beans!B:B, A5, Beans!A:A, ">=2025-7-1", Beans!A:A,"<2025-8-1" ) -> 1 | N5: =COUNTIFS(Beans!B:B, A5, Beans!A:A, ">=2025-8-1", Beans!A:A,"<2025-9-1" ) -> 0 | O5: =COUNTIFS(Beans!B:B, A5, Beans!A:A, ">=2025-9-1", Beans!A:A,"<2025-10-1" ) -> 1 | P5: =COUNTIFS(Beans!B:B, A5, Beans!A:A, ">=2025-10-1", Beans!A:A,"<2025-11-1" ) -> 1 | Q5: =COUNTIFS(Beans!B:B, A5, Beans!A:A, ">=2025-11-1", Beans!A:A,"<2025-12-1" ) -> 0 | R5: =COUNTIFS(Beans!B:B, A5, Beans!A:A, ">=2025-12-1", Beans!A:A,"<2026-1-1" ) -> 1
A6: Berry Blue | B6: Good | C6: 1st-Curr | E6: =SUM(G6:R6) -> 1 | F6: =IF(E6+E7 = 0, "n/a", E6/(E6+E7)) -> 1 | G6: =COUNTIFS(Beans!B:B, A6, Beans!A:A, ">=2025-1-1", Beans!A:A,"<2025-2-1" ) -> 0 | H6: =COUNTIFS(Beans!B:B, A6, Beans!A:A, ">=2025-2-1", Beans!A:A,"<2025-3-1" ) -> 0 | I6: =COUNTIFS(Beans!B:B, A6, Beans!A:A, ">=2025-3-1", Beans!A:A,"<2025-4-1" ) -> 0 | J6: =COUNTIFS(Beans!B:B, A6, Beans!A:A, ">=2025-4-1", Beans!A:A,"<2025-5-1" ) -> 0 | K6: =COUNTIFS(Beans!B:B, A6, Beans!A:A, ">=2025-5-1", Beans!A:A,"<2025-6-1" ) -> 0 | L6: =COUNTIFS(Beans!B:B, A6, Beans!A:A, ">=2025-6-1", Beans!A:A,"<2025-7-1" ) -> 0 | M6: =COUNTIFS(Beans!B:B, A6, Beans!A:A, ">=2025-7-1", Beans!A:A,"<2025-8-1" ) -> 1 | N6: =COUNTIFS(Beans!B:B, A6, Beans!A:A, ">=2025-8-1", Beans!A:A,"<2025-9-1" ) -> 0 | O6: =COUNTIFS(Beans!B:B, A6, Beans!A:A, ">=2025-9-1", Beans!A:A,"<2025-10-1" ) -> 0 | P6: =COUNTIFS(Beans!B:B, A6, Beans!A:A, ">=2025-10-1", Beans!A:A,"<2025-11-1" ) -> 0 | Q6: =COUNTIFS(Beans!B:B, A6, Beans!A:A, ">=2025-11-1", Beans!A:A,"<2025-12-1" ) -> 0 | R6: =COUNTIFS(Beans!B:B, A6, Beans!A:A, ">=2025-12-1", Beans!A:A,"<2026-1-1" ) -> 0
A7: Toothpaste | B7: Bad | C7: 1st-Curr | D7: =D6 | E7: =SUM(G7:R7) -> 0 | F7: =IF(E6+E7 = 0, "n/a", E7/(E6+E7)) -> 0 | G7: =COUNTIFS(Beans!B:B, A7, Beans!A:A, ">=2025-1-1", Beans!A:A,"<2025-2-1" ) -> 0 | H7: =COUNTIFS(Beans!B:B, A7, Beans!A:A, ">=2025-2-1", Beans!A:A,"<2025-3-1" ) -> 0 | I7: =COUNTIFS(Beans!B:B, A7, Beans!A:A, ">=2025-3-1", Beans!A:A,"<2025-4-1" ) -> 0 | J7: =COUNTIFS(Beans!B:B, A7, Beans!A:A, ">=2025-4-1", Beans!A:A,"<2025-5-1" ) -> 0 | K7: =COUNTIFS(Beans!B:B, A7, Beans!A:A, ">=2025-5-1", Beans!A:A,"<2025-6-1" ) -> 0 | L7: =COUNTIFS(Beans!B:B, A7, Beans!A:A, ">=2025-6-1", Beans!A:A,"<2025-7-1" ) -> 0 | M7: =COUNTIFS(Beans!B:B, A7, Beans!A:A, ">=2025-7-1", Beans!A:A,"<2025-8-1" ) -> 0 | N7: =COUNTIFS(Beans!B:B, A7, Beans!A:A, ">=2025-8-1", Beans!A:A,"<2025-9-1" ) -> 0 | O7: =COUNTIFS(Beans!B:B, A7, Beans!A:A, ">=2025-9-1", Beans!A:A,"<2025-10-1" ) -> 0 | P7: =COUNTIFS(Beans!B:B, A7, Beans!A:A, ">=2025-10-1", Beans!A:A,"<2025-11-1" ) -> 0 | Q7: =COUNTIFS(Beans!B:B, A7, Beans!A:A, ">=2025-11-1", Beans!A:A,"<2025-12-1" ) -> 0 | R7: =COUNTIFS(Beans!B:B, A7, Beans!A:A, ">=2025-12-1", Beans!A:A,"<2026-1-1" ) -> 0
A8: Birthday Cake | B8: Good | C8: 5th-Curr | D8: =D9 | E8: =SUM(G8:R8) -> 2 | F8: =IF(E8+E9 = 0, "n/a", E8/(E8+E9)) -> 0.16666667 | G8: =COUNTIFS(Beans!B:B, A8, Beans!A:A, ">=2025-1-1", Beans!A:A,"<2025-2-1" ) -> 0 | H8: =COUNTIFS(Beans!B:B, A8, Beans!A:A, ">=2025-2-1", Beans!A:A,"<2025-3-1" ) -> 1 | I8: =COUNTIFS(Beans!B:B, A8, Beans!A:A, ">=2025-3-1", Beans!A:A,"<2025-4-1" ) -> 1 | J8: =COUNTIFS(Beans!B:B, A8, Beans!A:A, ">=2025-4-1", Beans!A:A,"<2025-5-1" ) -> 0 | K8: =COUNTIFS(Beans!B:B, A8, Beans!A:A, ">=2025-5-1", Beans!A:A,"<2025-6-1" ) -> 0 | L8: =COUNTIFS(Beans!B:B, A8, Beans!A:A, ">=2025-6-1", Beans!A:A,"<2025-7-1" ) -> 0 | M8: =COUNTIFS(Beans!B:B, A8, Beans!A:A, ">=2025-7-1", Beans!A:A,"<2025-8-1" ) -> 0 | N8: =COUNTIFS(Beans!B:B, A8, Beans!A:A, ">=2025-8-1", Beans!A:A,"<2025-9-1" ) -> 0 | O8: =COUNTIFS(Beans!B:B, A8, Beans!A:A, ">=2025-9-1", Beans!A:A,"<2025-10-1" ) -> 0 | P8: =COUNTIFS(Beans!B:B, A8, Beans!A:A, ">=2025-10-1", Beans!A:A,"<2025-11-1" ) -> 0 | Q8: =COUNTIFS(Beans!B:B, A8, Beans!A:A, ">=2025-11-1", Beans!A:A,"<2025-12-1" ) -> 0 | R8: =COUNTIFS(Beans!B:B, A8, Beans!A:A, ">=2025-12-1", Beans!A:A,"<2026-1-1" ) -> 0
A9: Dirty Dishwater | B9: Bad | C9: 5th-Curr | E9: =SUM(G9:R9) -> 10 | F9: =IF(E8+E9 = 0, "n/a", E9/(E8+E9)) -> 0.83333333 | G9: =COUNTIFS(Beans!B:B, A9, Beans!A:A, ">=2025-1-1", Beans!A:A,"<2025-2-1" ) -> 0 | H9: =COUNTIFS(Beans!B:B, A9, Beans!A:A, ">=2025-2-1", Beans!A:A,"<2025-3-1" ) -> 1 | I9: =COUNTIFS(Beans!B:B, A9, Beans!A:A, ">=2025-3-1", Beans!A:A,"<2025-4-1" ) -> 1 | J9: =COUNTIFS(Beans!B:B, A9, Beans!A:A, ">=2025-4-1", Beans!A:A,"<2025-5-1" ) -> 2 | K9: =COUNTIFS(Beans!B:B, A9, Beans!A:A, ">=2025-5-1", Beans!A:A,"<2025-6-1" ) -> 1 | L9: =COUNTIFS(Beans!B:B, A9, Beans!A:A, ">=2025-6-1", Beans!A:A,"<2025-7-1" ) -> 0 | M9: =COUNTIFS(Beans!B:B, A9, Beans!A:A, ">=2025-7-1", Beans!A:A,"<2025-8-1" ) -> 2 | N9: =COUNTIFS(Beans!B:B, A9, Beans!A:A, ">=2025-8-1", Beans!A:A,"<2025-9-1" ) -> 0 | O9: =COUNTIFS(Beans!B:B, A9, Beans!A:A, ">=2025-9-1", Beans!A:A,"<2025-10-1" ) -> 1 | P9: =COUNTIFS(Beans!B:B, A9, Beans!A:A, ">=2025-10-1", Beans!A:A,"<2025-11-1" ) -> 1 | Q9: =COUNTIFS(Beans!B:B, A9, Beans!A:A, ">=2025-11-1", Beans!A:A,"<2025-12-1" ) -> 1 | R9: =COUNTIFS(Beans!B:B, A9, Beans!A:A, ">=2025-12-1", Beans!A:A,"<2026-1-1" ) -> 0
A10: Peach | B10: Good | C10: 1st-Curr | D10: =D11 | E10: =SUM(G10:R10) -> 3 | F10: =IF(E10+E11 = 0, "n/a", E10/(E10+E11)) -> 0.2 | G10: =COUNTIFS(Beans!B:B, A10, Beans!A:A, ">=2025-1-1", Beans!A:A,"<2025-2-1" ) -> 0 | H10: =COUNTIFS(Beans!B:B, A10, Beans!A:A, ">=2025-2-1", Beans!A:A,"<2025-3-1" ) -> 0 | I10: =COUNTIFS(Beans!B:B, A10, Beans!A:A, ">=2025-3-1", Beans!A:A,"<2025-4-1" ) -> 1 | J10: =COUNTIFS(Beans!B:B, A10, Beans!A:A, ">=2025-4-1", Beans!A:A,"<2025-5-1" ) -> 0 | K10: =COUNTIFS(Beans!B:B, A10, Beans!A:A, ">=2025-5-1", Beans!A:A,"<2025-6-1" ) -> 0 | L10: =COUNTIFS(Beans!B:B, A10, Beans!A:A, ">=2025-6-1", Beans!A:A,"<2025-7-1" ) -> 0 | M10: =COUNTIFS(Beans!B:B, A10, Beans!A:A, ">=2025-7-1", Beans!A:A,"<2025-8-1" ) -> 0 | N10: =COUNTIFS(Beans!B:B, A10, Beans!A:A, ">=2025-8-1", Beans!A:A,"<2025-9-1" ) -> 0 | O10: =COUNTIFS(Beans!B:B, A10, Beans!A:A, ">=2025-9-1", Beans!A:A,"<2025-10-1" ) -> 0 | P10: =COUNTIFS(Beans!B:B, A10, Beans!A:A, ">=2025-10-1", Beans!A:A,"<2025-11-1" ) -> 0 | Q10: =COUNTIFS(Beans!B:B, A10, Beans!A:A, ">=2025-11-1", Beans!A:A,"<2025-12-1" ) -> 2 | R10: =COUNTIFS(Beans!B:B, A10, Beans!A:A, ">=2025-12-1", Beans!A:A,"<2026-1-1" ) -> 0
A11: Barf | B11: Bad | C11: 1st-Curr | E11: =SUM(G11:R11) -> 12 | F11: =IF(E10+E11 = 0, "n/a", E11/(E10+E11)) -> 0.8 | G11: =COUNTIFS(Beans!B:B, A11, Beans!A:A, ">=2025-1-1", Beans!A:A,"<2025-2-1" ) -> 0 | H11: =COUNTIFS(Beans!B:B, A11, Beans!A:A, ">=2025-2-1", Beans!A:A,"<2025-3-1" ) -> 3 | I11: =COUNTIFS(Beans!B:B, A11, Beans!A:A, ">=2025-3-1", Beans!A:A,"<2025-4-1" ) -> 3 | J11: =COUNTIFS(Beans!B:B, A11, Beans!A:A, ">=2025-4-1", Beans!A:A,"<2025-5-1" ) -> 1 | K11: =COUNTIFS(Beans!B:B, A11, Beans!A:A, ">=2025-5-1", Beans!A:A,"<2025-6-1" ) -> 0 | L11: =COUNTIFS(Beans!B:B, A11, Beans!A:A, ">=2025-6-1", Beans!A:A,"<2025-7-1" ) -> 1 | M11: =COUNTIFS(Beans!B:B, A11, Beans!A:A, ">=2025-7-1", Beans!A:A,"<2025-8-1" ) -> 2 | N11: =COUNTIFS(Beans!B:B, A11, Beans!A:A, ">=2025-8-1", Beans!A:A,"<2025-9-1" ) -> 0 | O11: =COUNTIFS(Beans!B:B, A11, Beans!A:A, ">=2025-9-1", Beans!A:A,"<2025-10-1" ) -> 0 | P11: =COUNTIFS(Beans!B:B, A11, Beans!A:A, ">=2025-10-1", Beans!A:A,"<2025-11-1" ) -> 0 | Q11: =COUNTIFS(Beans!B:B, A11, Beans!A:A, ">=2025-11-1", Beans!A:A,"<2025-12-1" ) -> 1 | R11: =COUNTIFS(Beans!B:B, A11, Beans!A:A, ">=2025-12-1", Beans!A:A,"<2026-1-1" ) -> 1
A12: Tutti Fruitti | B12: Good | C12: 3rd-Curr | D12: =D13 | E12: =SUM(G12:R12) -> 4 | F12: =IF(E12+E13 = 0, "n/a", E12/(E12+E13)) -> 0.23529412 | G12: =COUNTIFS(Beans!B:B, A12, Beans!A:A, ">=2025-1-1", Beans!A:A,"<2025-2-1" ) -> 0 | H12: =COUNTIFS(Beans!B:B, A12, Beans!A:A, ">=2025-2-1", Beans!A:A,"<2025-3-1" ) -> 1 | I12: =COUNTIFS(Beans!B:B, A12, Beans!A:A, ">=2025-3-1", Beans!A:A,"<2025-4-1" ) -> 1 | J12: =COUNTIFS(Beans!B:B, A12, Beans!A:A, ">=2025-4-1", Beans!A:A,"<2025-5-1" ) -> 0 | K12: =COUNTIFS(Beans!B:B, A12, Beans!A:A, ">=2025-5-1", Beans!A:A,"<2025-6-1" ) -> 1 | L12: =COUNTIFS(Beans!B:B, A12, Beans!A:A, ">=2025-6-1", Beans!A:A,"<2025-7-1" ) -> 0 | M12: =COUNTIFS(Beans!B:B, A12, Beans!A:A, ">=2025-7-1", Beans!A:A,"<2025-8-1" ) -> 0 | N12: =COUNTIFS(Beans!B:B, A12, Beans!A:A, ">=2025-8-1", Beans!A:A,"<2025-9-1" ) -> 0 | O12: =COUNTIFS(Beans!B:B, A12, Beans!A:A, ">=2025-9-1", Beans!A:A,"<2025-10-1" ) -> 0 | P12: =COUNTIFS(Beans!B:B, A12, Beans!A:A, ">=2025-10-1", Beans!A:A,"<2025-11-1" ) -> 0 | Q12: =COUNTIFS(Beans!B:B, A12, Beans!A:A, ">=2025-11-1", Beans!A:A,"<2025-12-1" ) -> 1 | R12: =COUNTIFS(Beans!B:B, A12, Beans!A:A, ">=2025-12-1", Beans!A:A,"<2026-1-1" ) -> 0
A13: Stinky Socks | B13: Bad | C13: 3rd-Curr | E13: =SUM(G13:R13) -> 13 | F13: =IF(E12+E13 = 0, "n/a", E13/(E12+E13)) -> 0.76470588 | G13: =COUNTIFS(Beans!B:B, A13, Beans!A:A, ">=2025-1-1", Beans!A:A,"<2025-2-1" ) -> 0 | H13: =COUNTIFS(Beans!B:B, A13, Beans!A:A, ">=2025-2-1", Beans!A:A,"<2025-3-1" ) -> 2 | I13: =COUNTIFS(Beans!B:B, A13, Beans!A:A, ">=2025-3-1", Beans!A:A,"<2025-4-1" ) -> 2 | J13: =COUNTIFS(Beans!B:B, A13, Beans!A:A, ">=2025-4-1", Beans!A:A,"<2025-5-1" ) -> 2 | K13: =COUNTIFS(Beans!B:B, A13, Beans!A:A, ">=2025-5-1", Beans!A:A,"<2025-6-1" ) -> 3 | L13: =COUNTIFS(Beans!B:B, A13, Beans!A:A, ">=2025-6-1", Beans!A:A,"<2025-7-1" ) -> 0 | M13: =COUNTIFS(Beans!B:B, A13, Beans!A:A, ">=2025-7-1", Beans!A:A,"<2025-8-1" ) -> 0 | N13: =COUNTIFS(Beans!B:B, A13, Beans!A:A, ">=2025-8-1", Beans!A:A,"<2025-9-1" ) -> 0 | O13: =COUNTIFS(Beans!B:B, A13, Beans!A:A, ">=2025-9-1", Beans!A:A,"<2025-10-1" ) -> 0 | P13: =COUNTIFS(Beans!B:B, A13, Beans!A:A, ">=2025-10-1", Beans!A:A,"<2025-11-1" ) -> 1 | Q13: =COUNTIFS(Beans!B:B, A13, Beans!A:A, ">=2025-11-1", Beans!A:A,"<2025-12-1" ) -> 1 | R13: =COUNTIFS(Beans!B:B, A13, Beans!A:A, ">=2025-12-1", Beans!A:A,"<2026-1-1" ) -> 2
A14: Pomegranate | B14: Good | C14: 6th-Curr | D14: =D15 | E14: =SUM(G14:R14) -> 8 | F14: =IF(E14+E15 = 0, "n/a", E14/(E14+E15)) -> 0.53333333 | G14: =COUNTIFS(Beans!B:B, A14, Beans!A:A, ">=2025-1-1", Beans!A:A,"<2025-2-1" ) -> 0 | H14: =COUNTIFS(Beans!B:B, A14, Beans!A:A, ">=2025-2-1", Beans!A:A,"<2025-3-1" ) -> 0 | I14: =COUNTIFS(Beans!B:B, A14, Beans!A:A, ">=2025-3-1", Beans!A:A,"<2025-4-1" ) -> 1 | J14: =COUNTIFS(Beans!B:B, A14, Beans!A:A, ">=2025-4-1", Beans!A:A,"<2025-5-1" ) -> 1 | K14: =COUNTIFS(Beans!B:B, A14, Beans!A:A, ">=2025-5-1", Beans!A:A,"<2025-6-1" ) -> 2 | L14: =COUNTIFS(Beans!B:B, A14, Beans!A:A, ">=2025-6-1", Beans!A:A,"<2025-7-1" ) -> 0 | M14: =COUNTIFS(Beans!B:B, A14, Beans!A:A, ">=2025-7-1", Beans!A:A,"<2025-8-1" ) -> 0 | N14: =COUNTIFS(Beans!B:B, A14, Beans!A:A, ">=2025-8-1", Beans!A:A,"<2025-9-1" ) -> 0 | O14: =COUNTIFS(Beans!B:B, A14, Beans!A:A, ">=2025-9-1", Beans!A:A,"<2025-10-1" ) -> 1 | P14: =COUNTIFS(Beans!B:B, A14, Beans!A:A, ">=2025-10-1", Beans!A:A,"<2025-11-1" ) -> 0 | Q14: =COUNTIFS(Beans!B:B, A14, Beans!A:A, ">=2025-11-1", Beans!A:A,"<2025-12-1" ) -> 1 | R14: =COUNTIFS(Beans!B:B, A14, Beans!A:A, ">=2025-12-1", Beans!A:A,"<2026-1-1" ) -> 2
A15: Old Bandage | B15: Bad | C15: 6th-Curr | E15: =SUM(G15:R15) -> 7 | F15: =IF(E14+E15 = 0, "n/a", E15/(E14+E15)) -> 0.46666667 | G15: =COUNTIFS(Beans!B:B, A15, Beans!A:A, ">=2025-1-1", Beans!A:A,"<2025-2-1" ) -> 0 | H15: =COUNTIFS(Beans!B:B, A15, Beans!A:A, ">=2025-2-1", Beans!A:A,"<2025-3-1" ) -> 0 | I15: =COUNTIFS(Beans!B:B, A15, Beans!A:A, ">=2025-3-1", Beans!A:A,"<2025-4-1" ) -> 1 | J15: =COUNTIFS(Beans!B:B, A15, Beans!A:A, ">=2025-4-1", Beans!A:A,"<2025-5-1" ) -> 2 | K15: =COUNTIFS(Beans!B:B, A15, Beans!A:A, ">=2025-5-1", Beans!A:A,"<2025-6-1" ) -> 1 | L15: =COUNTIFS(Beans!B:B, A15, Beans!A:A, ">=2025-6-1", Beans!A:A,"<2025-7-1" ) -> 1 | M15: =COUNTIFS(Beans!B:B, A15, Beans!A:A, ">=2025-7-1", Beans!A:A,"<2025-8-1" ) -> 1 | N15: =COUNTIFS(Beans!B:B, A15, Beans!A:A, ">=2025-8-1", Beans!A:A,"<2025-9-1" ) -> 1 | O15: =COUNTIFS(Beans!B:B, A15, Beans!A:A, ">=2025-9-1", Beans!A:A,"<2025-10-1" ) -> 0 | P15: =COUNTIFS(Beans!B:B, A15, Beans!A:A, ">=2025-10-1", Beans!A:A,"<2025-11-1" ) -> 0 | Q15: =COUNTIFS(Beans!B:B, A15, Beans!A:A, ">=2025-11-1", Beans!A:A,"<2025-12-1" ) -> 0 | R15: =COUNTIFS(Beans!B:B, A15, Beans!A:A, ">=2025-12-1", Beans!A:A,"<2026-1-1" ) -> 0
A16: Toasted Marshmallow | B16: Good | C16: 5th-Curr | D16: =D17 | E16: =SUM(G16:R16) -> 4 | F16: =IF(E16+E17 = 0, "n/a", E16/(E16+E17)) -> 0.36363636 | G16: =COUNTIFS(Beans!B:B, A16, Beans!A:A, ">=2025-1-1", Beans!A:A,"<2025-2-1" ) -> 0 | H16: =COUNTIFS(Beans!B:B, A16, Beans!A:A, ">=2025-2-1", Beans!A:A,"<2025-3-1" ) -> 0 | I16: =COUNTIFS(Beans!B:B, A16, Beans!A:A, ">=2025-3-1", Beans!A:A,"<2025-4-1" ) -> 0 | J16: =COUNTIFS(Beans!B:B, A16, Beans!A:A, ">=2025-4-1", Beans!A:A,"<2025-5-1" ) -> 1 | K16: =COUNTIFS(Beans!B:B, A16, Beans!A:A, ">=2025-5-1", Beans!A:A,"<2025-6-1" ) -> 0 | L16: =COUNTIFS(Beans!B:B, A16, Beans!A:A, ">=2025-6-1", Beans!A:A,"<2025-7-1" ) -> 0 | M16: =COUNTIFS(Beans!B:B, A16, Beans!A:A, ">=2025-7-1", Beans!A:A,"<2025-8-1" ) -> 0 | N16: =COUNTIFS(Beans!B:B, A16, Beans!A:A, ">=2025-8-1", Beans!A:A,"<2025-9-1" ) -> 0 | O16: =COUNTIFS(Beans!B:B, A16, Beans!A:A, ">=2025-9-1", Beans!A:A,"<2025-10-1" ) -> 0 | P16: =COUNTIFS(Beans!B:B, A16, Beans!A:A, ">=2025-10-1", Beans!A:A,"<2025-11-1" ) -> 1 | Q16: =COUNTIFS(Beans!B:B, A16, Beans!A:A, ">=2025-11-1", Beans!A:A,"<2025-12-1" ) -> 0 | R16: =COUNTIFS(Beans!B:B, A16, Beans!A:A, ">=2025-12-1", Beans!A:A,"<2026-1-1" ) -> 2
A17: Stink Bug | B17: Bad | C17: 5th-Curr | E17: =SUM(G17:R17) -> 7 | F17: =IF(E16+E17 = 0, "n/a", E17/(E16+E17)) -> 0.63636364 | G17: =COUNTIFS(Beans!B:B, A17, Beans!A:A, ">=2025-1-1", Beans!A:A,"<2025-2-1" ) -> 0 | H17: =COUNTIFS(Beans!B:B, A17, Beans!A:A, ">=2025-2-1", Beans!A:A,"<2025-3-1" ) -> 2 | I17: =COUNTIFS(Beans!B:B, A17, Beans!A:A, ">=2025-3-1", Beans!A:A,"<2025-4-1" ) -> 0 | J17: =COUNTIFS(Beans!B:B, A17, Beans!A:A, ">=2025-4-1", Beans!A:A,"<2025-5-1" ) -> 0 | K17: =COUNTIFS(Beans!B:B, A17, Beans!A:A, ">=2025-5-1", Beans!A:A,"<2025-6-1" ) -> 0 | L17: =COUNTIFS(Beans!B:B, A17, Beans!A:A, ">=2025-6-1", Beans!A:A,"<2025-7-1" ) -> 0 | M17: =COUNTIFS(Beans!B:B, A17, Beans!A:A, ">=2025-7-1", Beans!A:A,"<2025-8-1" ) -> 2 | N17: =COUNTIFS(Beans!B:B, A17, Beans!A:A, ">=2025-8-1", Beans!A:A,"<2025-9-1" ) -> 0 | O17: =COUNTIFS(Beans!B:B, A17, Beans!A:A, ">=2025-9-1", Beans!A:A,"<2025-10-1" ) -> 0 | P17: =COUNTIFS(Beans!B:B, A17, Beans!A:A, ">=2025-10-1", Beans!A:A,"<2025-11-1" ) -> 0 | Q17: =COUNTIFS(Beans!B:B, A17, Beans!A:A, ">=2025-11-1", Beans!A:A,"<2025-12-1" ) -> 0 | R17: =COUNTIFS(Beans!B:B, A17, Beans!A:A, ">=2025-12-1", Beans!A:A,"<2026-1-1" ) -> 3
A18: Cappuccino | B18: Good | C18: 6th-Curr | D18: =D19 | E18: =SUM(G18:R18) -> 6 | F18: =IF(E18+E19 = 0, "n/a", E18/(E18+E19)) -> 0.42857143 | G18: =COUNTIFS(Beans!B:B, A18, Beans!A:A, ">=2025-1-1", Beans!A:A,"<2025-2-1" ) -> 0 | H18: =COUNTIFS(Beans!B:B, A18, Beans!A:A, ">=2025-2-1", Beans!A:A,"<2025-3-1" ) -> 3 | I18: =COUNTIFS(Beans!B:B, A18, Beans!A:A, ">=2025-3-1", Beans!A:A,"<2025-4-1" ) -> 0 | J18: =COUNTIFS(Beans!B:B, A18, Beans!A:A, ">=2025-4-1", Beans!A:A,"<2025-5-1" ) -> 0 | K18: =COUNTIFS(Beans!B:B, A18, Beans!A:A, ">=2025-5-1", Beans!A:A,"<2025-6-1" ) -> 1 | L18: =COUNTIFS(Beans!B:B, A18, Beans!A:A, ">=2025-6-1", Beans!A:A,"<2025-7-1" ) -> 0 | M18: =COUNTIFS(Beans!B:B, A18, Beans!A:A, ">=2025-7-1", Beans!A:A,"<2025-8-1" ) -> 1 | N18: =COUNTIFS(Beans!B:B, A18, Beans!A:A, ">=2025-8-1", Beans!A:A,"<2025-9-1" ) -> 0 | O18: =COUNTIFS(Beans!B:B, A18, Beans!A:A, ">=2025-9-1", Beans!A:A,"<2025-10-1" ) -> 0 | P18: =COUNTIFS(Beans!B:B, A18, Beans!A:A, ">=2025-10-1", Beans!A:A,"<2025-11-1" ) -> 0 | Q18: =COUNTIFS(Beans!B:B, A18, Beans!A:A, ">=2025-11-1", Beans!A:A,"<2025-12-1" ) -> 0 | R18: =COUNTIFS(Beans!B:B, A18, Beans!A:A, ">=2025-12-1", Beans!A:A,"<2026-1-1" ) -> 1
A19: Liver & Onion | B19: Bad | C19: 6th-Curr | E19: =SUM(G19:R19) -> 8 | F19: =IF(E18+E19 = 0, "n/a", E19/(E18+E19)) -> 0.57142857 | G19: =COUNTIFS(Beans!B:B, A19, Beans!A:A, ">=2025-1-1", Beans!A:A,"<2025-2-1" ) -> 0 | H19: =COUNTIFS(Beans!B:B, A19, Beans!A:A, ">=2025-2-1", Beans!A:A,"<2025-3-1" ) -> 1 | I19: =COUNTIFS(Beans!B:B, A19, Beans!A:A, ">=2025-3-1", Beans!A:A,"<2025-4-1" ) -> 0 | J19: =COUNTIFS(Beans!B:B, A19, Beans!A:A, ">=2025-4-1", Beans!A:A,"<2025-5-1" ) -> 1 | K19: =COUNTIFS(Beans!B:B, A19, Beans!A:A, ">=2025-5-1", Beans!A:A,"<2025-6-1" ) -> 1 | L19: =COUNTIFS(Beans!B:B, A19, Beans!A:A, ">=2025-6-1", Beans!A:A,"<2025-7-1" ) -> 0 | M19: =COUNTIFS(Beans!B:B, A19, Beans!A:A, ">=2025-7-1", Beans!A:A,"<2025-8-1" ) -> 0 | N19: =COUNTIFS(Beans!B:B, A19, Beans!A:A, ">=2025-8-1", Beans!A:A,"<2025-9-1" ) -> 0 | O19: =COUNTIFS(Beans!B:B, A19, Beans!A:A, ">=2025-9-1", Beans!A:A,"<2025-10-1" ) -> 0 | P19: =COUNTIFS(Beans!B:B, A19, Beans!A:A, ">=2025-10-1", Beans!A:A,"<2025-11-1" ) -> 1 | Q19: =COUNTIFS(Beans!B:B, A19, Beans!A:A, ">=2025-11-1", Beans!A:A,"<2025-12-1" ) -> 1 | R19: =COUNTIFS(Beans!B:B, A19, Beans!A:A, ">=2025-12-1", Beans!A:A,"<2026-1-1" ) -> 3
A20: Buttered Popcorn | B20: Good | C20: 1st-Curr | D20: =D21 | E20: =SUM(G20:R20) -> 1 | F20: =IF(E20+E21 = 0, "n/a", E20/(E20+E21)) -> 0.11111111 | G20: =COUNTIFS(Beans!B:B, A20, Beans!A:A, ">=2025-1-1", Beans!A:A,"<2025-2-1" ) -> 0 | H20: =COUNTIFS(Beans!B:B, A20, Beans!A:A, ">=2025-2-1", Beans!A:A,"<2025-3-1" ) -> 1 | I20: =COUNTIFS(Beans!B:B, A20, Beans!A:A, ">=2025-3-1", Beans!A:A,"<2025-4-1" ) -> 0 | J20: =COUNTIFS(Beans!B:B, A20, Beans!A:A, ">=2025-4-1", Beans!A:A,"<2025-5-1" ) -> 0 | K20: =COUNTIFS(Beans!B:B, A20, Beans!A:A, ">=2025-5-1", Beans!A:A,"<2025-6-1" ) -> 0 | L20: =COUNTIFS(Beans!B:B, A20, Beans!A:A, ">=2025-6-1", Beans!A:A,"<2025-7-1" ) -> 0 | M20: =COUNTIFS(Beans!B:B, A20, Beans!A:A, ">=2025-7-1", Beans!A:A,"<2025-8-1" ) -> 0 | N20: =COUNTIFS(Beans!B:B, A20, Beans!A:A, ">=2025-8-1", Beans!A:A,"<2025-9-1" ) -> 0 | O20: =COUNTIFS(Beans!B:B, A20, Beans!A:A, ">=2025-9-1", Beans!A:A,"<2025-10-1" ) -> 0 | P20: =COUNTIFS(Beans!B:B, A20, Beans!A:A, ">=2025-10-1", Beans!A:A,"<2025-11-1" ) -> 0 | Q20: =COUNTIFS(Beans!B:B, A20, Beans!A:A, ">=2025-11-1", Beans!A:A,"<2025-12-1" ) -> 0 | R20: =COUNTIFS(Beans!B:B, A20, Beans!A:A, ">=2025-12-1", Beans!A:A,"<2026-1-1" ) -> 0
A21: Rotten Egg | B21: Bad | C21: 1st-Curr | E21: =SUM(G21:R21) -> 8 | F21: =IF(E20+E21 = 0, "n/a", E21/(E20+E21)) -> 0.88888889 | G21: =COUNTIFS(Beans!B:B, A21, Beans!A:A, ">=2025-1-1", Beans!A:A,"<2025-2-1" ) -> 0 | H21: =COUNTIFS(Beans!B:B, A21, Beans!A:A, ">=2025-2-1", Beans!A:A,"<2025-3-1" ) -> 3 | I21: =COUNTIFS(Beans!B:B, A21, Beans!A:A, ">=2025-3-1", Beans!A:A,"<2025-4-1" ) -> 2 | J21: =COUNTIFS(Beans!B:B, A21, Beans!A:A, ">=2025-4-1", Beans!A:A,"<2025-5-1" ) -> 2 | K21: =COUNTIFS(Beans!B:B, A21, Beans!A:A, ">=2025-5-1", Beans!A:A,"<2025-6-1" ) -> 0 | L21: =COUNTIFS(Beans!B:B, A21, Beans!A:A, ">=2025-6-1", Beans!A:A,"<2025-7-1" ) -> 0 | M21: =COUNTIFS(Beans!B:B, A21, Beans!A:A, ">=2025-7-1", Beans!A:A,"<2025-8-1" ) -> 0 | N21: =COUNTIFS(Beans!B:B, A21, Beans!A:A, ">=2025-8-1", Beans!A:A,"<2025-9-1" ) -> 0 | O21: =COUNTIFS(Beans!B:B, A21, Beans!A:A, ">=2025-9-1", Beans!A:A,"<2025-10-1" ) -> 0 | P21: =COUNTIFS(Beans!B:B, A21, Beans!A:A, ">=2025-10-1", Beans!A:A,"<2025-11-1" ) -> 1 | Q21: =COUNTIFS(Beans!B:B, A21, Beans!A:A, ">=2025-11-1", Beans!A:A,"<2025-12-1" ) -> 0 | R21: =COUNTIFS(Beans!B:B, A21, Beans!A:A, ">=2025-12-1", Beans!A:A,"<2026-1-1" ) -> 0
A22: Chocolate Pudding | B22: Good | C22: 2nd-5th | D22: =D23 | E22: =SUM(G22:R22) -> 0 | F22: =IF(E22+E23 = 0, "n/a", E22/(E22+E23)) -> n/a | G22: =COUNTIFS(Beans!B:B, A22, Beans!A:A, ">=2025-1-1", Beans!A:A,"<2025-2-1" ) -> 0 | H22: =COUNTIFS(Beans!B:B, A22, Beans!A:A, ">=2025-2-1", Beans!A:A,"<2025-3-1" ) -> 0 | I22: =COUNTIFS(Beans!B:B, A22, Beans!A:A, ">=2025-3-1", Beans!A:A,"<2025-4-1" ) -> 0 | J22: =COUNTIFS(Beans!B:B, A22, Beans!A:A, ">=2025-4-1", Beans!A:A,"<2025-5-1" ) -> 0 | K22: =COUNTIFS(Beans!B:B, A22, Beans!A:A, ">=2025-5-1", Beans!A:A,"<2025-6-1" ) -> 0 | L22: =COUNTIFS(Beans!B:B, A22, Beans!A:A, ">=2025-6-1", Beans!A:A,"<2025-7-1" ) -> 0 | M22: =COUNTIFS(Beans!B:B, A22, Beans!A:A, ">=2025-7-1", Beans!A:A,"<2025-8-1" ) -> 0 | N22: =COUNTIFS(Beans!B:B, A22, Beans!A:A, ">=2025-8-1", Beans!A:A,"<2025-9-1" ) -> 0 | O22: =COUNTIFS(Beans!B:B, A22, Beans!A:A, ">=2025-9-1", Beans!A:A,"<2025-10-1" ) -> 0 | P22: =COUNTIFS(Beans!B:B, A22, Beans!A:A, ">=2025-10-1", Beans!A:A,"<2025-11-1" ) -> 0 | Q22: =COUNTIFS(Beans!B:B, A22, Beans!A:A, ">=2025-11-1", Beans!A:A,"<2025-12-1" ) -> 0 | R22: =COUNTIFS(Beans!B:B, A22, Beans!A:A, ">=2025-12-1", Beans!A:A,"<2026-1-1" ) -> 0
A23: Dog Food | B23: Bad | C23: 2nd-5th | E23: =SUM(G23:R23) -> 0 | F23: =IF(E22+E23 = 0, "n/a", E23/(E22+E23)) -> n/a | G23: =COUNTIFS(Beans!B:B, A23, Beans!A:A, ">=2025-1-1", Beans!A:A,"<2025-2-1" ) -> 0 | H23: =COUNTIFS(Beans!B:B, A23, Beans!A:A, ">=2025-2-1", Beans!A:A,"<2025-3-1" ) -> 0 | I23: =COUNTIFS(Beans!B:B, A23, Beans!A:A, ">=2025-3-1", Beans!A:A,"<2025-4-1" ) -> 0 | J23: =COUNTIFS(Beans!B:B, A23, Beans!A:A, ">=2025-4-1", Beans!A:A,"<2025-5-1" ) -> 0 | K23: =COUNTIFS(Beans!B:B, A23, Beans!A:A, ">=2025-5-1", Beans!A:A,"<2025-6-1" ) -> 0 | L23: =COUNTIFS(Beans!B:B, A23, Beans!A:A, ">=2025-6-1", Beans!A:A,"<2025-7-1" ) -> 0 | M23: =COUNTIFS(Beans!B:B, A23, Beans!A:A, ">=2025-7-1", Beans!A:A,"<2025-8-1" ) -> 0 | N23: =COUNTIFS(Beans!B:B, A23, Beans!A:A, ">=2025-8-1", Beans!A:A,"<2025-9-1" ) -> 0 | O23: =COUNTIFS(Beans!B:B, A23, Beans!A:A, ">=2025-9-1", Beans!A:A,"<2025-10-1" ) -> 0 | P23: =COUNTIFS(Beans!B:B, A23, Beans!A:A, ">=2025-10-1", Beans!A:A,"<2025-11-1" ) -> 0 | Q23: =COUNTIFS(Beans!B:B, A23, Beans!A:A, ">=2025-11-1", Beans!A:A,"<2025-12-1" ) -> 0 | R23: =COUNTIFS(Beans!B:B, A23, Beans!A:A, ">=2025-12-1", Beans!A:A,"<2026-1-1" ) -> 0
A24: Coconut | B24: Good | C24: 4th-5th | D24: =D25 | E24: =SUM(G24:R24) -> 0 | F24: =IF(E24+E25 = 0, "n/a", E24/(E24+E25)) -> n/a | G24: =COUNTIFS(Beans!B:B, A24, Beans!A:A, ">=2025-1-1", Beans!A:A,"<2025-2-1" ) -> 0 | H24: =COUNTIFS(Beans!B:B, A24, Beans!A:A, ">=2025-2-1", Beans!A:A,"<2025-3-1" ) -> 0 | I24: =COUNTIFS(Beans!B:B, A24, Beans!A:A, ">=2025-3-1", Beans!A:A,"<2025-4-1" ) -> 0 | J24: =COUNTIFS(Beans!B:B, A24, Beans!A:A, ">=2025-4-1", Beans!A:A,"<2025-5-1" ) -> 0 | K24: =COUNTIFS(Beans!B:B, A24, Beans!A:A, ">=2025-5-1", Beans!A:A,"<2025-6-1" ) -> 0 | L24: =COUNTIFS(Beans!B:B, A24, Beans!A:A, ">=2025-6-1", Beans!A:A,"<2025-7-1" ) -> 0 | M24: =COUNTIFS(Beans!B:B, A24, Beans!A:A, ">=2025-7-1", Beans!A:A,"<2025-8-1" ) -> 0 | N24: =COUNTIFS(Beans!B:B, A24, Beans!A:A, ">=2025-8-1", Beans!A:A,"<2025-9-1" ) -> 0 | O24: =COUNTIFS(Beans!B:B, A24, Beans!A:A, ">=2025-9-1", Beans!A:A,"<2025-10-1" ) -> 0 | P24: =COUNTIFS(Beans!B:B, A24, Beans!A:A, ">=2025-10-1", Beans!A:A,"<2025-11-1" ) -> 0 | Q24: =COUNTIFS(Beans!B:B, A24, Beans!A:A, ">=2025-11-1", Beans!A:A,"<2025-12-1" ) -> 0 | R24: =COUNTIFS(Beans!B:B, A24, Beans!A:A, ">=2025-12-1", Beans!A:A,"<2026-1-1" ) -> 0
A25: Spoiled Milk | B25: Bad | C25: 4th-5th | E25: =SUM(G25:R25) -> 0 | F25: =IF(E24+E25 = 0, "n/a", E25/(E24+E25)) -> n/a | G25: =COUNTIFS(Beans!B:B, A25, Beans!A:A, ">=2025-1-1", Beans!A:A,"<2025-2-1" ) -> 0 | H25: =COUNTIFS(Beans!B:B, A25, Beans!A:A, ">=2025-2-1", Beans!A:A,"<2025-3-1" ) -> 0 | I25: =COUNTIFS(Beans!B:B, A25, Beans!A:A, ">=2025-3-1", Beans!A:A,"<2025-4-1" ) -> 0 | J25: =COUNTIFS(Beans!B:B, A25, Beans!A:A, ">=2025-4-1", Beans!A:A,"<2025-5-1" ) -> 0 | K25: =COUNTIFS(Beans!B:B, A25, Beans!A:A, ">=2025-5-1", Beans!A:A,"<2025-6-1" ) -> 0 | L25: =COUNTIFS(Beans!B:B, A25, Beans!A:A, ">=2025-6-1", Beans!A:A,"<2025-7-1" ) -> 0 | M25: =COUNTIFS(Beans!B:B, A25, Beans!A:A, ">=2025-7-1", Beans!A:A,"<2025-8-1" ) -> 0 | N25: =COUNTIFS(Beans!B:B, A25, Beans!A:A, ">=2025-8-1", Beans!A:A,"<2025-9-1" ) -> 0 | O25: =COUNTIFS(Beans!B:B, A25, Beans!A:A, ">=2025-9-1", Beans!A:A,"<2025-10-1" ) -> 0 | P25: =COUNTIFS(Beans!B:B, A25, Beans!A:A, ">=2025-10-1", Beans!A:A,"<2025-11-1" ) -> 0 | Q25: =COUNTIFS(Beans!B:B, A25, Beans!A:A, ">=2025-11-1", Beans!A:A,"<2025-12-1" ) -> 0 | R25: =COUNTIFS(Beans!B:B, A25, Beans!A:A, ">=2025-12-1", Beans!A:A,"<2026-1-1" ) -> 0
A26: ='Overall Bean Summary'!A26 -> Top Banana | B26: ='Overall Bean Summary'!B26 -> Good | C26: ='Overall Bean Summary'!C26 -> 7th-Curr | D26: ='Overall Bean Summary'!D26 | E26: =SUM(G26:R26) -> 1 | F26: =IF(E25+E26 = 0, "n/a", E26/(E25+E26)) -> 1 | G26: =COUNTIFS(Beans!B:B, A26, Beans!A:A, ">=2025-1-1", Beans!A:A,"<2025-2-1" ) -> 0 | H26: =COUNTIFS(Beans!B:B, A26, Beans!A:A, ">=2025-2-1", Beans!A:A,"<2025-3-1" ) -> 0 | I26: =COUNTIFS(Beans!B:B, A26, Beans!A:A, ">=2025-3-1", Beans!A:A,"<2025-4-1" ) -> 0 | J26: =COUNTIFS(Beans!B:B, A26, Beans!A:A, ">=2025-4-1", Beans!A:A,"<2025-5-1" ) -> 0 | K26: =COUNTIFS(Beans!B:B, A26, Beans!A:A, ">=2025-5-1", Beans!A:A,"<2025-6-1" ) -> 0 | L26: =COUNTIFS(Beans!B:B, A26, Beans!A:A, ">=2025-6-1", Beans!A:A,"<2025-7-1" ) -> 0 | M26: =COUNTIFS(Beans!B:B, A26, Beans!A:A, ">=2025-7-1", Beans!A:A,"<2025-8-1" ) -> 0 | N26: =COUNTIFS(Beans!B:B, A26, Beans!A:A, ">=2025-8-1", Beans!A:A,"<2025-9-1" ) -> 0 | O26: =COUNTIFS(Beans!B:B, A26, Beans!A:A, ">=2025-9-1", Beans!A:A,"<2025-10-1" ) -> 0 | P26: =COUNTIFS(Beans!B:B, A26, Beans!A:A, ">=2025-10-1", Beans!A:A,"<2025-11-1" ) -> 0 | Q26: =COUNTIFS(Beans!B:B, A26, Beans!A:A, ">=2025-11-1", Beans!A:A,"<2025-12-1" ) -> 0 | R26: =COUNTIFS(Beans!B:B, A26, Beans!A:A, ">=2025-12-1", Beans!A:A,"<2026-1-1" ) -> 1
A27: ='Overall Bean Summary'!A27 -> Wet Dog | B27: ='Overall Bean Summary'!B27 -> Bad | C27: ='Overall Bean Summary'!C27 -> 7th-Curr | D27: ='Overall Bean Summary'!D27 | E27: =SUM(G27:R27) -> 3 | F27: =IF(E26+E27 = 0, "n/a", E27/(E26+E27)) -> 0.75 | G27: =COUNTIFS(Beans!B:B, A27, Beans!A:A, ">=2025-1-1", Beans!A:A,"<2025-2-1" ) -> 0 | H27: =COUNTIFS(Beans!B:B, A27, Beans!A:A, ">=2025-2-1", Beans!A:A,"<2025-3-1" ) -> 0 | I27: =COUNTIFS(Beans!B:B, A27, Beans!A:A, ">=2025-3-1", Beans!A:A,"<2025-4-1" ) -> 0 | J27: =COUNTIFS(Beans!B:B, A27, Beans!A:A, ">=2025-4-1", Beans!A:A,"<2025-5-1" ) -> 1 | K27: =COUNTIFS(Beans!B:B, A27, Beans!A:A, ">=2025-5-1", Beans!A:A,"<2025-6-1" ) -> 0 | L27: =COUNTIFS(Beans!B:B, A27, Beans!A:A, ">=2025-6-1", Beans!A:A,"<2025-7-1" ) -> 0 | M27: =COUNTIFS(Beans!B:B, A27, Beans!A:A, ">=2025-7-1", Beans!A:A,"<2025-8-1" ) -> 0 | N27: =COUNTIFS(Beans!B:B, A27, Beans!A:A, ">=2025-8-1", Beans!A:A,"<2025-9-1" ) -> 0 | O27: =COUNTIFS(Beans!B:B, A27, Beans!A:A, ">=2025-9-1", Beans!A:A,"<2025-10-1" ) -> 0 | P27: =COUNTIFS(Beans!B:B, A27, Beans!A:A, ">=2025-10-1", Beans!A:A,"<2025-11-1" ) -> 0 | Q27: =COUNTIFS(Beans!B:B, A27, Beans!A:A, ">=2025-11-1", Beans!A:A,"<2025-12-1" ) -> 0 | R27: =COUNTIFS(Beans!B:B, A27, Beans!A:A, ">=2025-12-1", Beans!A:A,"<2026-1-1" ) -> 2
A28: ='Overall Bean Summary'!A28 -> Licorice | B28: ='Overall Bean Summary'!B28 -> Good | C28: ='Overall Bean Summary'!C28 -> 7th-Curr | D28: ='Overall Bean Summary'!D28 | E28: =SUM(G28:R28) -> 2 | F28: =IF(E27+E28 = 0, "n/a", E28/(E27+E28)) -> 0.4 | G28: =COUNTIFS(Beans!B:B, A28, Beans!A:A, ">=2025-1-1", Beans!A:A,"<2025-2-1" ) -> 0 | H28: =COUNTIFS(Beans!B:B, A28, Beans!A:A, ">=2025-2-1", Beans!A:A,"<2025-3-1" ) -> 0 | I28: =COUNTIFS(Beans!B:B, A28, Beans!A:A, ">=2025-3-1", Beans!A:A,"<2025-4-1" ) -> 0 | J28: =COUNTIFS(Beans!B:B, A28, Beans!A:A, ">=2025-4-1", Beans!A:A,"<2025-5-1" ) -> 1 | K28: =COUNTIFS(Beans!B:B, A28, Beans!A:A, ">=2025-5-1", Beans!A:A,"<2025-6-1" ) -> 0 | L28: =COUNTIFS(Beans!B:B, A28, Beans!A:A, ">=2025-6-1", Beans!A:A,"<2025-7-1" ) -> 0 | M28: =COUNTIFS(Beans!B:B, A28, Beans!A:A, ">=2025-7-1", Beans!A:A,"<2025-8-1" ) -> 0 | N28: =COUNTIFS(Beans!B:B, A28, Beans!A:A, ">=2025-8-1", Beans!A:A,"<2025-9-1" ) -> 0 | O28: =COUNTIFS(Beans!B:B, A28, Beans!A:A, ">=2025-9-1", Beans!A:A,"<2025-10-1" ) -> 0 | P28: =COUNTIFS(Beans!B:B, A28, Beans!A:A, ">=2025-10-1", Beans!A:A,"<2025-11-1" ) -> 0 | Q28: =COUNTIFS(Beans!B:B, A28, Beans!A:A, ">=2025-11-1", Beans!A:A,"<2025-12-1" ) -> 0 | R28: =COUNTIFS(Beans!B:B, A28, Beans!A:A, ">=2025-12-1", Beans!A:A,"<2026-1-1" ) -> 1
A29: ='Overall Bean Summary'!A29 -> Burnt Rubber | B29: ='Overall Bean Summary'!B29 -> Bad | C29: ='Overall Bean Summary'!C29 -> 7th-Curr | D29: ='Overall Bean Summary'!D29 | E29: =SUM(G29:R29) -> 4 | F29: =IF(E28+E29 = 0, "n/a", E29/(E28+E29)) -> 0.66666667 | G29: =COUNTIFS(Beans!B:B, A29, Beans!A:A, ">=2025-1-1", Beans!A:A,"<2025-2-1" ) -> 0 | H29: =COUNTIFS(Beans!B:B, A29, Beans!A:A, ">=2025-2-1", Beans!A:A,"<2025-3-1" ) -> 0 | I29: =COUNTIFS(Beans!B:B, A29, Beans!A:A, ">=2025-3-1", Beans!A:A,"<2025-4-1" ) -> 0 | J29: =COUNTIFS(Beans!B:B, A29, Beans!A:A, ">=2025-4-1", Beans!A:A,"<2025-5-1" ) -> 1 | K29: =COUNTIFS(Beans!B:B, A29, Beans!A:A, ">=2025-5-1", Beans!A:A,"<2025-6-1" ) -> 0 | L29: =COUNTIFS(Beans!B:B, A29, Beans!A:A, ">=2025-6-1", Beans!A:A,"<2025-7-1" ) -> 0 | M29: =COUNTIFS(Beans!B:B, A29, Beans!A:A, ">=2025-7-1", Beans!A:A,"<2025-8-1" ) -> 0 | N29: =COUNTIFS(Beans!B:B, A29, Beans!A:A, ">=2025-8-1", Beans!A:A,"<2025-9-1" ) -> 0 | O29: =COUNTIFS(Beans!B:B, A29, Beans!A:A, ">=2025-9-1", Beans!A:A,"<2025-10-1" ) -> 0 | P29: =COUNTIFS(Beans!B:B, A29, Beans!A:A, ">=2025-10-1", Beans!A:A,"<2025-11-1" ) -> 0 | Q29: =COUNTIFS(Beans!B:B, A29, Beans!A:A, ">=2025-11-1", Beans!A:A,"<2025-12-1" ) -> 0 | R29: =COUNTIFS(Beans!B:B, A29, Beans!A:A, ">=2025-12-1", Beans!A:A,"<2026-1-1" ) -> 3
A30: Sriracha | B30: Spicy | C30: Firey Five | E30: =SUM(G30:R30) -> 0 | F30: =IF(E30+E31+E32+E33+E34 = 0, "n/a", E30/(E30+E31+E32+E33+E34)) -> n/a | G30: =COUNTIFS(Beans!B:B, A30, Beans!A:A, ">=2025-1-1", Beans!A:A,"<2025-2-1" ) -> 0 | H30: =COUNTIFS(Beans!B:B, A30, Beans!A:A, ">=2025-2-1", Beans!A:A,"<2025-3-1" ) -> 0 | I30: =COUNTIFS(Beans!B:B, A30, Beans!A:A, ">=2025-3-1", Beans!A:A,"<2025-4-1" ) -> 0 | J30: =COUNTIFS(Beans!B:B, A30, Beans!A:A, ">=2025-4-1", Beans!A:A,"<2025-5-1" ) -> 0 | K30: =COUNTIFS(Beans!B:B, A30, Beans!A:A, ">=2025-5-1", Beans!A:A,"<2025-6-1" ) -> 0 | L30: =COUNTIFS(Beans!B:B, A30, Beans!A:A, ">=2025-6-1", Beans!A:A,"<2025-7-1" ) -> 0 | M30: =COUNTIFS(Beans!B:B, A30, Beans!A:A, ">=2025-7-1", Beans!A:A,"<2025-8-1" ) -> 0 | N30: =COUNTIFS(Beans!B:B, A30, Beans!A:A, ">=2025-8-1", Beans!A:A,"<2025-9-1" ) -> 0 | O30: =COUNTIFS(Beans!B:B, A30, Beans!A:A, ">=2025-9-1", Beans!A:A,"<2025-10-1" ) -> 0 | P30: =COUNTIFS(Beans!B:B, A30, Beans!A:A, ">=2025-10-1", Beans!A:A,"<2025-11-1" ) -> 0 | Q30: =COUNTIFS(Beans!B:B, A30, Beans!A:A, ">=2025-11-1", Beans!A:A,"<2025-12-1" ) -> 0 | R30: =COUNTIFS(Beans!B:B, A30, Beans!A:A, ">=2025-12-1", Beans!A:A,"<2026-1-1" ) -> 0
A31: Jalapeño | B31: Spicy | C31: Firey Five | E31: =SUM(G31:R31) -> 0 | F31: =IF(E30+E31+E32+E33+E34 = 0, "n/a", E31/(E30+E31+E32+E33+E34)) -> n/a | G31: =COUNTIFS(Beans!B:B, A31, Beans!A:A, ">=2025-1-1", Beans!A:A,"<2025-2-1" ) -> 0 | H31: =COUNTIFS(Beans!B:B, A31, Beans!A:A, ">=2025-2-1", Beans!A:A,"<2025-3-1" ) -> 0 | I31: =COUNTIFS(Beans!B:B, A31, Beans!A:A, ">=2025-3-1", Beans!A:A,"<2025-4-1" ) -> 0 | J31: =COUNTIFS(Beans!B:B, A31, Beans!A:A, ">=2025-4-1", Beans!A:A,"<2025-5-1" ) -> 0 | K31: =COUNTIFS(Beans!B:B, A31, Beans!A:A, ">=2025-5-1", Beans!A:A,"<2025-6-1" ) -> 0 | L31: =COUNTIFS(Beans!B:B, A31, Beans!A:A, ">=2025-6-1", Beans!A:A,"<2025-7-1" ) -> 0 | M31: =COUNTIFS(Beans!B:B, A31, Beans!A:A, ">=2025-7-1", Beans!A:A,"<2025-8-1" ) -> 0 | N31: =COUNTIFS(Beans!B:B, A31, Beans!A:A, ">=2025-8-1", Beans!A:A,"<2025-9-1" ) -> 0 | O31: =COUNTIFS(Beans!B:B, A31, Beans!A:A, ">=2025-9-1", Beans!A:A,"<2025-10-1" ) -> 0 | P31: =COUNTIFS(Beans!B:B, A31, Beans!A:A, ">=2025-10-1", Beans!A:A,"<2025-11-1" ) -> 0 | Q31: =COUNTIFS(Beans!B:B, A31, Beans!A:A, ">=2025-11-1", Beans!A:A,"<2025-12-1" ) -> 0 | R31: =COUNTIFS(Beans!B:B, A31, Beans!A:A, ">=2025-12-1", Beans!A:A,"<2026-1-1" ) -> 0
A32: Cayenne | B32: Spicy | C32: Firey Five | E32: =SUM(G32:R32) -> 0 | F32: =IF(E30+E31+E32+E33+E34 = 0, "n/a", E32/(E30+E31+E32+E33+E34)) -> n/a | G32: =COUNTIFS(Beans!B:B, A32, Beans!A:A, ">=2025-1-1", Beans!A:A,"<2025-2-1" ) -> 0 | H32: =COUNTIFS(Beans!B:B, A32, Beans!A:A, ">=2025-2-1", Beans!A:A,"<2025-3-1" ) -> 0 | I32: =COUNTIFS(Beans!B:B, A32, Beans!A:A, ">=2025-3-1", Beans!A:A,"<2025-4-1" ) -> 0 | J32: =COUNTIFS(Beans!B:B, A32, Beans!A:A, ">=2025-4-1", Beans!A:A,"<2025-5-1" ) -> 0 | K32: =COUNTIFS(Beans!B:B, A32, Beans!A:A, ">=2025-5-1", Beans!A:A,"<2025-6-1" ) -> 0 | L32: =COUNTIFS(Beans!B:B, A32, Beans!A:A, ">=2025-6-1", Beans!A:A,"<2025-7-1" ) -> 0 | M32: =COUNTIFS(Beans!B:B, A32, Beans!A:A, ">=2025-7-1", Beans!A:A,"<2025-8-1" ) -> 0 | N32: =COUNTIFS(Beans!B:B, A32, Beans!A:A, ">=2025-8-1", Beans!A:A,"<2025-9-1" ) -> 0 | O32: =COUNTIFS(Beans!B:B, A32, Beans!A:A, ">=2025-9-1", Beans!A:A,"<2025-10-1" ) -> 0 | P32: =COUNTIFS(Beans!B:B, A32, Beans!A:A, ">=2025-10-1", Beans!A:A,"<2025-11-1" ) -> 0 | Q32: =COUNTIFS(Beans!B:B, A32, Beans!A:A, ">=2025-11-1", Beans!A:A,"<2025-12-1" ) -> 0 | R32: =COUNTIFS(Beans!B:B, A32, Beans!A:A, ">=2025-12-1", Beans!A:A,"<2026-1-1" ) -> 0
A33: Habanero | B33: Spicy | C33: Firey Five | E33: =SUM(G33:R33) -> 0 | F33: =IF(E30+E31+E32+E33+E34 = 0, "n/a", E33/(E30+E31+E32+E33+E34)) -> n/a | G33: =COUNTIFS(Beans!B:B, A33, Beans!A:A, ">=2025-1-1", Beans!A:A,"<2025-2-1" ) -> 0 | H33: =COUNTIFS(Beans!B:B, A33, Beans!A:A, ">=2025-2-1", Beans!A:A,"<2025-3-1" ) -> 0 | I33: =COUNTIFS(Beans!B:B, A33, Beans!A:A, ">=2025-3-1", Beans!A:A,"<2025-4-1" ) -> 0 | J33: =COUNTIFS(Beans!B:B, A33, Beans!A:A, ">=2025-4-1", Beans!A:A,"<2025-5-1" ) -> 0 | K33: =COUNTIFS(Beans!B:B, A33, Beans!A:A, ">=2025-5-1", Beans!A:A,"<2025-6-1" ) -> 0 | L33: =COUNTIFS(Beans!B:B, A33, Beans!A:A, ">=2025-6-1", Beans!A:A,"<2025-7-1" ) -> 0 | M33: =COUNTIFS(Beans!B:B, A33, Beans!A:A, ">=2025-7-1", Beans!A:A,"<2025-8-1" ) -> 0 | N33: =COUNTIFS(Beans!B:B, A33, Beans!A:A, ">=2025-8-1", Beans!A:A,"<2025-9-1" ) -> 0 | O33: =COUNTIFS(Beans!B:B, A33, Beans!A:A, ">=2025-9-1", Beans!A:A,"<2025-10-1" ) -> 0 | P33: =COUNTIFS(Beans!B:B, A33, Beans!A:A, ">=2025-10-1", Beans!A:A,"<2025-11-1" ) -> 0 | Q33: =COUNTIFS(Beans!B:B, A33, Beans!A:A, ">=2025-11-1", Beans!A:A,"<2025-12-1" ) -> 0 | R33: =COUNTIFS(Beans!B:B, A33, Beans!A:A, ">=2025-12-1", Beans!A:A,"<2026-1-1" ) -> 0
A34: Carolina Reaper | B34: Spicy | C34: Firey Five | E34: =SUM(G34:R34) -> 0 | F34: =IF(E30+E31+E32+E33+E34 = 0, "n/a", E34/(E30+E31+E32+E33+E34)) -> n/a | G34: =COUNTIFS(Beans!B:B, A34, Beans!A:A, ">=2025-1-1", Beans!A:A,"<2025-2-1" ) -> 0 | H34: =COUNTIFS(Beans!B:B, A34, Beans!A:A, ">=2025-2-1", Beans!A:A,"<2025-3-1" ) -> 0 | I34: =COUNTIFS(Beans!B:B, A34, Beans!A:A, ">=2025-3-1", Beans!A:A,"<2025-4-1" ) -> 0 | J34: =COUNTIFS(Beans!B:B, A34, Beans!A:A, ">=2025-4-1", Beans!A:A,"<2025-5-1" ) -> 0 | K34: =COUNTIFS(Beans!B:B, A34, Beans!A:A, ">=2025-5-1", Beans!A:A,"<2025-6-1" ) -> 0 | L34: =COUNTIFS(Beans!B:B, A34, Beans!A:A, ">=2025-6-1", Beans!A:A,"<2025-7-1" ) -> 0 | M34: =COUNTIFS(Beans!B:B, A34, Beans!A:A, ">=2025-7-1", Beans!A:A,"<2025-8-1" ) -> 0 | N34: =COUNTIFS(Beans!B:B, A34, Beans!A:A, ">=2025-8-1", Beans!A:A,"<2025-9-1" ) -> 0 | O34: =COUNTIFS(Beans!B:B, A34, Beans!A:A, ">=2025-9-1", Beans!A:A,"<2025-10-1" ) -> 0 | P34: =COUNTIFS(Beans!B:B, A34, Beans!A:A, ">=2025-10-1", Beans!A:A,"<2025-11-1" ) -> 0 | Q34: =COUNTIFS(Beans!B:B, A34, Beans!A:A, ">=2025-11-1", Beans!A:A,"<2025-12-1" ) -> 0 | R34: =COUNTIFS(Beans!B:B, A34, Beans!A:A, ">=2025-12-1", Beans!A:A,"<2026-1-1" ) -> 0
A35: Mystery Bean (Good) | B35: Good | C35: ? | E35: =SUM(G35:R35) -> 0 | F35: =IF(E35+E36 = 0, "n/a", E35/(E35+E36)) -> n/a | G35: =COUNTIFS(Beans!B:B, A35, Beans!A:A, ">=2025-1-1", Beans!A:A,"<2025-2-1" ) -> 0 | H35: =COUNTIFS(Beans!B:B, A35, Beans!A:A, ">=2025-2-1", Beans!A:A,"<2025-3-1" ) -> 0 | I35: =COUNTIFS(Beans!B:B, A35, Beans!A:A, ">=2025-3-1", Beans!A:A,"<2025-4-1" ) -> 0 | J35: =COUNTIFS(Beans!B:B, A35, Beans!A:A, ">=2025-4-1", Beans!A:A,"<2025-5-1" ) -> 0 | K35: =COUNTIFS(Beans!B:B, A35, Beans!A:A, ">=2025-5-1", Beans!A:A,"<2025-6-1" ) -> 0 | L35: =COUNTIFS(Beans!B:B, A35, Beans!A:A, ">=2025-6-1", Beans!A:A,"<2025-7-1" ) -> 0 | M35: =COUNTIFS(Beans!B:B, A35, Beans!A:A, ">=2025-7-1", Beans!A:A,"<2025-8-1" ) -> 0 | N35: =COUNTIFS(Beans!B:B, A35, Beans!A:A, ">=2025-8-1", Beans!A:A,"<2025-9-1" ) -> 0 | O35: =COUNTIFS(Beans!B:B, A35, Beans!A:A, ">=2025-9-1", Beans!A:A,"<2025-10-1" ) -> 0 | P35: =COUNTIFS(Beans!B:B, A35, Beans!A:A, ">=2025-10-1", Beans!A:A,"<2025-11-1" ) -> 0 | Q35: =COUNTIFS(Beans!B:B, A35, Beans!A:A, ">=2025-11-1", Beans!A:A,"<2025-12-1" ) -> 0 | R35: =COUNTIFS(Beans!B:B, A35, Beans!A:A, ">=2025-12-1", Beans!A:A,"<2026-1-1" ) -> 0
A36: Mystery Bean (Bad) | B36: Bad | C36: ? | E36: =SUM(G36:R36) -> 0 | F36: =IF(E35+E36 = 0, "n/a", E36/(E35+E36)) -> n/a | G36: =COUNTIFS(Beans!B:B, A36, Beans!A:A, ">=2025-1-1", Beans!A:A,"<2025-2-1" ) -> 0 | H36: =COUNTIFS(Beans!B:B, A36, Beans!A:A, ">=2025-2-1", Beans!A:A,"<2025-3-1" ) -> 0 | I36: =COUNTIFS(Beans!B:B, A36, Beans!A:A, ">=2025-3-1", Beans!A:A,"<2025-4-1" ) -> 0 | J36: =COUNTIFS(Beans!B:B, A36, Beans!A:A, ">=2025-4-1", Beans!A:A,"<2025-5-1" ) -> 0 | K36: =COUNTIFS(Beans!B:B, A36, Beans!A:A, ">=2025-5-1", Beans!A:A,"<2025-6-1" ) -> 0 | L36: =COUNTIFS(Beans!B:B, A36, Beans!A:A, ">=2025-6-1", Beans!A:A,"<2025-7-1" ) -> 0 | M36: =COUNTIFS(Beans!B:B, A36, Beans!A:A, ">=2025-7-1", Beans!A:A,"<2025-8-1" ) -> 0 | N36: =COUNTIFS(Beans!B:B, A36, Beans!A:A, ">=2025-8-1", Beans!A:A,"<2025-9-1" ) -> 0 | O36: =COUNTIFS(Beans!B:B, A36, Beans!A:A, ">=2025-9-1", Beans!A:A,"<2025-10-1" ) -> 0 | P36: =COUNTIFS(Beans!B:B, A36, Beans!A:A, ">=2025-10-1", Beans!A:A,"<2025-11-1" ) -> 0 | Q36: =COUNTIFS(Beans!B:B, A36, Beans!A:A, ">=2025-11-1", Beans!A:A,"<2025-12-1" ) -> 0 | R36: =COUNTIFS(Beans!B:B, A36, Beans!A:A, ">=2025-12-1", Beans!A:A,"<2026-1-1" ) -> 0
E37: =SUM(E2:E36) -> 126 | G37: =SUM(G2:G34) -> 0 | H37: =SUM(H2:H34) -> 22 | I37: =SUM(I2:I34) -> 14 | J37: =SUM(J2:J34) -> 18 | K37: =SUM(K2:K34) -> 14 | L37: =SUM(L2:L34) -> 2 | M37: =SUM(M2:M34) -> 12 | N37: =SUM(N2:N34) -> 1 | ... R37: =SUM(R2:R34) -> 25
A39: Good | B39: =E2+E4+E6+E8+E10+E12+E14+E16+E18+E20+E22+E24+E26+E28+E35 -> 39
A40: Bad | B40: =E3+E5+E7+E9+E11+E13+E15+E17+E19+E21+E23+E25+E27+E29+E36 -> 87
A41: Spicy | B41: =SUM(E30:E34) -> 0
B42: =SUM(B39:B41) -> 126

Sheet 2025 Summary
A1: Techsmith314 | B1: Beanboozle Scoreboard 2025
B3: ='2025 Bean Description'!C2 -> 1st-Curr | E3: ='2025 Bean Description'!C4 -> 4th-Curr | H3: ='2025 Bean Description'!C6 -> 1st-Curr | K3: ='2025 Bean Description'!C8 -> 5th-Curr | N3: ='2025 Bean Description'!C10 -> 1st-Curr
